prop_handle,description,enum_count,enum_values
diagnosis,"The term which identifies normal and abnormal cells and tissues used to define the presence and nature of disease, as categorized by diagnosis_classification_system property.",543,"Abdominal fibromatosis|Acinar cell carcinoma|Acute erythroid leukemia|Acute leukemia, NOS|Acute Leukemias of Ambiguous Lineage|Acute Lymphoblastic Leukemia, NOS|Acute megakaryoblastic leukemia|Acute monocytic leukemia|Acute myeloid leukemia (megakaryoblastic) with t(1;22)(p13;q13); RBM15-MKL1|Acute myeloid leukemia with abnormal marrow eosinophils|Acute myeloid leukemia with biallelic mutation of CEBPA|Acute myeloid leukemia with mutated NPM1|Acute myeloid leukemia with myelodysplasia-related changes|Acute myeloid leukemia without maturation|Acute myeloid leukemia, 11q23 abnormalities|Acute myeloid leukemia, minimal differentiation|Acute myeloid leukemia, NOS|Acute myeloid leukemia, t(8;21)(q22;q22)|Acute myelomonocytic leukemia, NOS|Acute promyelocytic leukemia, t(15;17)(q22;q11-12)|Adamantinoma of long bones|Adamantinomatous craniopharyngioma|Adenocarcinoma in adenomatous polyposis coli|Adenocarcinoma in situ in adenomatous polyp|Adenocarcinoma with mixed subtypes|Adenocarcinoma with neuroendocrine differentiation|Adenocarcinoma, metastatic, NOS|Adenocarcinoma, NOS|Adenoid cystic carcinoma|Adenoma, NOS|Adenosarcoma|Adrenal cortical adenoma, NOS|Adrenal cortical carcinoma|Aggressive fibromatosis|Alveolar rhabdomyosarcoma|Alveolar soft part sarcoma|Anaplastic Ependymoma, Posterior Fossa|Anaplastic Large Cell Lymphoma|Anaplastic large cell lymphoma (ALK+/ALK-)|Anaplastic large cell lymphoma, ALK positive|Anaplastic large cell lymphoma, T-cell and Null-cell type|Anaplastic Meningioma|Angiocentric glioma|Angiocentric immunoproliferative lesion|Angiomatoid fibrous histiocytoma|Angiomyofibroblastoma|Angiomyosarcoma|Astroblastoma|Astroblastoma, MN1-altered|Astrocytoma, anaplastic, NOS|Astrocytoma, benign|Astrocytoma, IDH-mutant|Astrocytoma, NOS|Atypical teratoid/rhabdoid tumor|ATRT-MYC|ATRT-SHH|ATRT-TYR|ATRT, NOS or NEC|Atypical choroid plexus papilloma|Atypical Meningioma|B lymphoblastic leukemia/lymphoma with hyperdiploidy|B lymphoblastic leukemia/lymphoma with hypodiploidy (Hypodiploid ALL)|B lymphoblastic leukemia/lymphoma with t(1;19)(q23;p13.3); E2A-PBX1 (TCF3-PBX1)|B lymphoblastic leukemia/lymphoma with t(12;21)(p13;q22); TEL-AML1 (ETV6-RUNX1)|B lymphoblastic leukemia/lymphoma with t(9;22)(q34;q11.2); BCR-ABL1|B lymphoblastic leukemia/lymphoma with t(v;11q23); MLL rearranged|B lymphoblastic leukemia/lymphoma, BCR-ABL1-like|B lymphoblastic leukemia/lymphoma, NOS|B-Cell Acute Lymphoblastic Leukemia, NOS|Basal cell adenocarcinoma|Basal cell carcinoma, NOS|Benign cystic nephroma|Blue nevus, malignant|Burkitt Lymphoma|Burkitt lymphoma, NOS|Calcifying nested stromal-epithelial tumor|Carcinoid tumor of uncertain malignant potential|Carcinoma ex pleomorphic adenoma|Carcinoma in situ, NOS|Carcinoma, diffuse type|Carcinoma, metastatic, NOS|Carcinoma, NOS|Carcinoma, undifferentiated, NOS|Carcinomatosis|Carotid body paraganglioma|Cavernous hemangioma|Central neurocytoma|Central osteosarcoma, NOS|Central primitive neuroectodermal tumor|Cerebellar liponeurocytoma|Cholangiocarcinoma|Chondroblastic osteosarcoma|Chondroid chordoma|Chondromyxoid fibroma|Chondrosarcoma|Chondrosarcoma, NOS|Chordoid glioma|Chordoma|Chordoma (including poorly differentiated chordoma)|Chordoma, NOS|Choriocarcinoma|Choriocarcinoma combined with other germ cell elements|Choriocarcinoma, NOS|Choroid plexus carcinoma|Choroid plexus papilloma|Choroid plexus papilloma, NOS|Choroid Plexus tumors|Choroid plexus tumors, NOS or NEC|Chronic eosinophilic leukemia|Chronic myelogenous leukemia, BCR/ABL positive|Chronic myeloid leukemia, NOS|CIC-rearranged sarcoma|Clear cell adenoma|Clear cell adenocarcinoma, NOS|Clear cell meningioma|Clear cell sarcoma of kidney|Clear cell sarcoma, NOS|CNS embryonal tumor|CNS embryonal tumor with rhabdoid features|CNS embryonal tumor, NOS|CNS embryonal tumor, NOS or NEC|CNS Germ Cell Tumors|CNS Germ Cell Tumors, NOS or NEC|CNS Germinoma|CNS neuroblastoma, FOXR2-activated|CNS Non-Germinomatous Germ Cell Tumor|CNS Sarcoma|CNS Sarcoma, NOS or NEC|CNS tumor with BCOR internal tandem duplication|Composite Hodgkin and non-Hodgkin lymphoma|Congenital melanocytic nevus, NOS|Craniopharyngioma|Craniopharyngioma, adamantinomatous|Craniopharyngioma, NOS|Craniopharyngioma, NOS or NEC|Cribriform carcinoma, NOS|Cribriform neuroepithelial tumor|Cutaneous T-cell lymphoma, NOS|Dedifferentiated liposarcoma|Dermatofibrosarcoma protuberans, fibrosarcomatous|Dermatofibrosarcoma protuberans, NOS|Dermoid cyst, NOS|Desmoplastic fibroma|Desmoplastic infantile astrocytoma|Desmoplastic infantile ganglioglioma / desmoplastic infantile astrocytoma|Desmoplastic melanoma, NOS|Desmoplastic myxoid tumor of the pineal region, SMARCB1-mutant|Desmoplastic nodular medulloblastoma|Desmoplastic small round cell tumor|Diffuse astrocytoma, MYB- or MYBL1-altered|Diffuse glioneuronal tumor with oligodendroglioma-like features and nuclear clusters|Diffuse hemispheric glioma, H3 G34-mutant|Diffuse large B-cell lymphoma, NOS|Diffuse leptomeningeal glioneuronal tumor|Diffuse low-grade glioma, MAPK pathway-altered|Diffuse midline glioma, H3 K27-altered|Diffuse midline glioma, H3 K27M-mutant|Diffuse pediatric-type high-grade glioma, H3-wildtype and IDH-wildtype|Dysembryoplastic neuroepithelial tumor|Dysgerminoma|Dysplastic cerebellar gangliocytoma (Lhermitte-Duclos disease)|Embryonal carcinoma|Embryonal carcinoma, NOS|Embryonal rhabdomyosarcoma, NOS|Embryonal sarcoma|Embryonal tumor with multilayered rosettes|Embryonal tumor with multilayered rosettes with C19MC alteration|Embryonal tumor with multilayered rosettes, C19MC altered|Embryonal tumor with multilayered rosettes, NOS|Endometrioid adenocarcinoma, NOS|Ependymoma|Ependymoma, anaplastic|Ependymoma, NOS|Ependymoma, NOS or NEC|Epithelial tumor, benign|Epithelial-myoepithelial carcinoma|Epithelioid hemangioendothelioma, NOS|Epithelioid mesothelioma, malignant|Epithelioid sarcoma, NOS|Erdheim-Chester disease|Ewing sarcoma|Extraventricular neurocytoma|Fibrillary astrocytoma|Fibroblastic osteosarcoma|Fibroma, NOS|Fibrosarcoma, NOS|Follicular adenocarcinoma, well differentiated|Follicular adenoma, NOS|Follicular carcinoma, minimally invasive|Follicular lymphoma, NOS|Gangliocytoma|Gangliocytoma, NOS|Ganglioglioma|Ganglioglioma, anaplastic|Ganglioglioma, benign|Ganglioglioma, NOS|Ganglioneuroblastoma|Ganglioneuroma|Gastrointestinal stromal tumor|Gastrointestinal stromal tumor, benign|Gastrointestinal stromal tumor, NOS|Genital rhabdomyoma|Germ cell tumor, nonseminomatous|Germinoma|Giant cell glioblastoma|Giant cell tumor of bone, malignant|Giant cell tumor of bone, NOS|Giant cell tumor of soft parts, NOS|Glioblastoma|Glioblastoma, IDH-wildtype|Glioblastoma, NOS|Glioma, malignant|Gliomatosis cerebri|Glioneuronal and neuronal tumors|Glioneuronal and neuronal tumors, NOS or NEC|Gliosarcoma|Glomus tumor, malignant|Granulosa cell tumor, adult type|Granulosa cell tumor, juvenile|Granulosa cell tumor, malignant|Granular cell tumor, NOS|Hemangioblastoma|Hemangioendothelioma, malignant|Hemangioendothelioma, NOS|Hemangioma, NOS|Hemangiomas and vascular malformations|Hemangiosarcoma|Hepatoblastoma, NOS|Hepatocellular carcinoma, fibrolamellar|Hepatocellular carcinoma, NOS|Hepatosplenic T-cell lymphoma|HHV8 positive diffuse large B-cell lymphoma|High-grade astrocytoma with piloid features|High-Grade Glioma|High-grade glioma, NOS or NEC|Histiocytic sarcoma|Hodgkin lymphoma, nodular sclerosis, NOS|Hodgkin lymphoma, NOS|Hybrid nerve sheath tumor|Hypernephroid tumor|Immature teratoma|Immunodeficiency-associated CNS lymphoma|Infant-type hemispheric glioma|Infantile fibrosarcoma|Intracranial mesenchymal tumor, FET-CREB fusion-positive|Intraductal papillary mucinous neoplasm with an associated invasive carcinoma|Intravascular large B-cell lymphoma|Juvenile myelomonocytic leukemia, NOS|Juvenile xanthogranuloma|Lactotroph adenoma|Langerhans cell histiocytosis|Langerhans cell histiocytosis, disseminated|Langerhans cell histiocytosis, NOS|Large cell medulloblastoma|Leiomyoma, NOS|Leiomyosarcoma, NOS|Lentiginous melanocytic nevus|Leukemia, NOS|Leydig cell tumor, benign|Leydig cell tumor, NOS|Lipoblastomatosis|Lipofibromatosis|Liposarcoma, NOS|Lobular carcinoma in situ, NOS|Low cumulative sun damage melanoma|Low-Grade Glioma|Low-grade glioma, NOS or NEC|Lymphangioma, NOS|Lymphoepithelial carcinoma|Lymphoid leukemia, NOS|Lymphomatoid granulomatosis|Lymphoproliferative disorder, NOS|Malignant eccrine spiradenoma|Malignant histiocytosis|Malignant lymphoma, non-Hodgkin, NOS|Malignant lymphoma, NOS|Malignant melanoma arising in giant congenital nevus|Malignant melanoma, NOS|Malignant melanotic nerve sheath tumor|Malignant peripheral nerve sheath tumor|Malignant peripheral nerve sheath tumor with rhabdomyoblastic differentiation|Malignant peripheral nerve sheath tumor, NOS|Malignant tumor, small cell type|Malignant tumor, spindle cell type|MALT lymphoma of the dura|Marginal zone B-cell lymphoma, NOS|Mast cell leukemia|Mature T- and NK-cell lymphomas|Mature T-cell lymphoma, NOS|Mature teratoma|Mediastinal large B-cell lymphoma|Medullary carcinoma, NOS|Medulloblastoma|Medulloblastoma, Group 3|Medulloblastoma, Group 4|Medulloblastoma, non-WNT/non-SHH|Medulloblastoma, NOS|Medulloblastoma, NOS or NEC|Medulloblastoma, SHH-activated and TP53-mutant|Medulloblastoma, SHH-activated and TP53-wildtype|Medulloblastoma, WNT-activated|Medulloblastoma, WNT-activated, NOS|Medulloepithelioma, NOS|Medullary thyroid carcinoma|Melanoma in situ|Melanotic neuroectodermal tumor|Melanotic schwannoma|Meningeal melanocytic neoplasms (includes melanoma)|Meningeal melanocytoma|Meningeal melanocytoma and meningeal melanoma|Meningeal melanocytosis and meningeal melanomatosis|Meningeal melanomatosis|Meningioma|Meningioma, malignant|Meningioma, NOS|Meningiomatosis, NOS|Meningothelial meningioma|Merkel cell carcinoma|Mesenchymal chondrosarcoma|Mesenchymoma, NOS|Mesoblastic nephroma|Mesothelioma, biphasic, malignant|Metastases to the brain and spinal cord parenchyma|Metastases to the meninges|Metastatic signet ring cell carcinoma|Mixed germ cell tumor|Mixed phenotype acute leukemia with t(v;11q23); MLL rearranged|Mixed phenotype acute leukemia, B/myeloid, NOS|Mixed phenotype acute leukemia, T/myeloid, NOS|Mixed type rhabdomyosarcoma|Mucinous adenoma|Mucinous adenocarcinoma|Mucinous cystadenocarcinoma, NOS|Mucinous cystic tumor of borderline malignancy|Mucoepidermoid carcinoma|Multinodular and vacuolating neuronal tumor|Mycosis fungoides|Myelodysplastic syndrome with excess blasts|Myelodysplastic syndrome with multilineage dysplasia|Myelodysplastic syndrome with single lineage dysplasia|Myelodysplastic syndrome, NOS|Myeloid leukemia associated with Down syndrome|Myeloid leukemia, NOS|Myeloid sarcoma|Myeloproliferative neoplasm, unclassifiable|Myoepithelial carcinoma|Myofibroblastic sarcoma|Myofibroblastic tumor, NOS|Myofibroma|Myofibromatosis|Myxofibrosarcoma|Myxoid chondrosarcoma|Myxoid glioneuronal tumor|Myxoid liposarcoma|Myxopapillary ependymoma|Myxosarcoma|Neoplasm, benign|Neoplasm, malignant|Neoplasm, malignant, uncertain whether primary or metastatic|Neoplasm, metastatic|Neoplasm, uncertain whether benign or malignant|Nephroblastoma, NOS|Neuroblastoma|Neuroblastoma, NOS|Neuroendocrine carcinoma, NOS|Neuroendocrine tumor, NOS|Neuroepithelioma, NOS|Neurofibroma|Neurofibroma, NOS|Neurofibromatosis, NOS|Neuroma, NOS|Nodular melanoma|Non-invasive follicular thyroid neoplasm with papillary-like nuclear features (NIFTP)|Nuclear protein in testis (NUT)-associated carcinoma|Odontogenic carcinosarcoma|Odontogenic tumor, malignant|Olfactory neuroblastoma|Olfactory neurocytoma|Oligoastrocytoma, NOS|Oligodendroglioma, anaplastic, NOS|Oligodendroglioma, IDH-mutant, and 1p/19q-codeleted|Oligodendroglioma, NOS|Ossifying fibromyxoid tumor, NOS|Osteoblastoma, NOS|Osteosarcoma|Osteosarcoma, NOS|Other|Other CNS Embryonal tumors|Other CNS tumor, NOS or NEC|Other low-grade B-cell lymphomas of the CNS|Other, NOS or NEC|Pancreatic neuroendocrine tumor, nonfunctioning|Pancreatoblastoma|Papillary adenocarcinoma, NOS|Papillary carcinoma, encapsulated of thyroid|Papillary carcinoma, follicular variant|Papillary carcinoma, NOS|Papillary craniopharyngioma|Papillary ependymoma|Papillary glioneuronal tumor|Papillary intralymphatic angioendothelioma|Papillary microcarcinoma|Papillary tumor of pineal region|Papillary tumor of the pineal region|Papillary urothelial carcinoma, non-invasive|Paraganglioma|Paraganglioma, malignant|Paraganglioma, NOS|Parosteal osteosarcoma|Perineurioma|Periosteal osteosarcoma|Perivascular epithelioid tumor, malignant|Pheochromocytoma, NOS|Phyllodes tumor, benign|Pigmented dermatofibrosarcoma protuberans|Pigmented nevus, NOS|Pilocytic astrocytoma|Pilomyxoid astrocytoma|Pineal parenchymal tumor of intermediate differentiation|Pinealoma|Pineoblastoma|Pineocytoma|Pituicytoma, granular cell tumor of the sellar region, and spindle cell oncocytoma|Pituitary adenoma, NOS|Pituitary adenoma/PitNET|Pituitary blastoma|Plasmacytoma, extramedullary|Pleomorphic liposarcoma|Pleomorphic rhabdomyosarcoma, adult type|Pleomorphic xanthoastrocytoma|Pleomorphic xanthoastrocytoma, NOS|Pleuropulmonary blastoma|Plexiform fibrohistiocytic tumor|Plexiform neurofibroma|Polymorphous low-grade neuroepithelial tumor of the young|Posterior fossa ependymoma|Posterior fossa ependymoma, group PFA|Posterior fossa ependymoma, group PFB|Posterior fossa ependymoma, NOS or NEC|Precursor B-cell lymphoblastic leukemia|Precursor cell lymphoblastic leukemia, NOS|Precursor cell lymphoblastic lymphoma, NOS|Precursor T-cell lymphoblastic leukemia|Primary cutaneous CD30 positive T-cell lymphoproliferative disorder|Primary cutaneous follicle center lymphoma|Primary diffuse large B-cell lymphoma of the CNS|Primary intracranial sarcoma, DICER1-mutant|Primitive Neuroectodermal Tumor|Proliferative dermal lesion in congenital nevus|Renal cell carcinoma, NOS|Retinoblastoma, diffuse|Retinoblastoma, NOS|Rhabdoid tumor, NOS|Rhabdomyoma, NOS|Rhabdomyosarcoma|Rhabdomyosarcoma, NOS|Rosai-Dorfman disease|Rosette-forming glioneuronal tumor|Sarcoma, NOS|Sarcoma with BCOR genetic alterations|Schwannoma|Schwannoma, NOS|Sclerosing stromal tumor|Secretory carcinoma|Seminoma, NOS|Serous carcinoma, NOS|Sertoli cell tumor, NOS|Sertoli-Leydig cell tumor of intermediate differentiation, NOS|Sertoli-Leydig cell tumor, intermediate differentiation, with heterologous elements|Sertoli-Leydig cell tumor, poorly differentiated|Sertoli-Leydig cell tumor, poorly differentiated, with heterologous elements|Sex cord-gonadal stromal tumor, incompletely differentiated|Sex cord-gonadal stromal tumor, mixed forms|Sex cord-gonadal stromal tumor, NOS|Signet ring cell carcinoma|Skin appendage adenoma|Small cell carcinoma, NOS|Small cell carcinoma, intermediate cell|Small cell sarcoma|Smooth muscle tumor of uncertain malignant potential|Soft tissue tumor, benign|Solid pseudopapillary neoplasm of pancreas|Solid pseudopapillary tumor of ovary|Solitary fibrous tumor|Solitary fibrous tumor/Hemangiopericytoma, grade 1|Solitary fibrous tumor, NOS|Spinal ependymoma|Spinal ependymoma, MYCN-amplified|Spinal ependymoma, NOS or NEC|Spindle cell carcinoma, NOS|Spindle cell rhabdomyosarcoma|Spindle cell sarcoma|Squamous cell carcinoma in situ, NOS|Squamous cell carcinoma, large cell, nonkeratinizing, NOS|Squamous cell carcinoma, metastatic, NOS|Squamous cell carcinoma, NOS|Squamous cell carcinoma, small cell, nonkeratinizing|Stromal tumor, NOS|Subcutaneous panniculitis-like T-cell lymphoma|Subependymal giant cell astrocytoma|Subependymoma|Supratentorial ependymoma|Supratentorial ependymoma, NOS or NEC|Supratentorial ependymoma, YAP1 fusion-positive|Supratentorial ependymoma, ZFTA fusion-positive|Sympathetic paraganglioma|Synovial sarcoma, biphasic|Synovial sarcoma, NOS|Synovial sarcoma, spindle cell|T lymphoblastic leukemia/lymphoma|T-Cell Acute Lymphoblastic Leukemia, NOS|T-cell and NK/T-cell lymphomas|T-cell/histiocyte rich large B-cell lymphoma|Telangiectatic osteosarcoma|Tenosynovial giant cell tumor, NOS|Teratocarcinoma|Teratoma with somatic-type malignancy|Teratoma, benign|Teratoma, malignant, NOS|Teratoma with malignant transformation|Teratoma, NOS|Thecoma, luteinized|Therapy-related myeloid neoplasm|Therapy-related myelodysplastic syndrome, NOS|Thymic carcinoma, NOS|Thymoma, NOS|Transient abnormal myelopoiesis|Transitional cell carcinoma, NOS|Tumor cells, benign|Tumor cells, malignant|Tumor cells, uncertain whether benign or malignant|Undifferentiated sarcoma|Unknown, to be completed later|Vipoma|Wilms|Yolk sac tumor|Yolk sac tumor, NOS|[---- Miscellaneous ----]|Healthy Control|Normal|Not Reported|see diagnosis_comment|Unknown"
toronto_childhood_cancer_staging,Cancer stage as captured by the Toronto Childhood Cancer Stage Guidelines.,74,Acute lymphoblastic leukemia CNS1|Acute lymphoblastic leukemia CNS2|Acute lymphoblastic leukemia CNS3|Astrocytomas Localized|Astrocytomas Metastatic|Ependymoma M0|Ependymoma M1|Ependymoma M2|Ependymoma M3|Ependymoma M4|Hepatoblastoma Localized PRETEXT I|Hepatoblastoma Localized PRETEXT II|Hepatoblastoma Localized PRETEXT III|Hepatoblastoma Localized PRETEXT IV|Hepatoblastoma Metastatic PRETEXT I|Hepatoblastoma Metastatic PRETEXT II|Hepatoblastoma Metastatic PRETEXT III|Hepatoblastoma Metastatic PRETEXT IV|Hodgkin lymphoma Stage I|Hodgkin lymphoma Stage II|Hodgkin lymphoma Stage III|Hodgkin lymphoma Stage IV|Malignant bone tumor Localized|Malignant bone tumor Metastatic|Medulloblastoma M0|Medulloblastoma M1|Medulloblastoma M2|Medulloblastoma M3|Medulloblastoma M4|Neuroblastoma Stage L1|Neuroblastoma Stage L2|Neuroblastoma Stage M|Neuroblastoma Stage MS|Non-Hodgkin lymphoma Stage I|Non-Hodgkin lymphoma Stage II|Non-Hodgkin lymphoma Stage III|Non-Hodgkin lymphoma Stage IV|Non-rhabdomyosarcoma soft tissue sarcoma Stage I|Non-rhabdomyosarcoma soft tissue sarcoma Stage II|Non-rhabdomyosarcoma soft tissue sarcoma Stage III|Non-rhabdomyosarcoma soft tissue sarcoma Stage IV|Ovarian germ cell tumor Stage I|Ovarian germ cell tumor Stage II|Ovarian germ cell tumor Stage III|Ovarian germ cell tumor Stage IV|Renal tumor (excluding renal cell carcinomas) Stage I|Renal tumor (excluding renal cell carcinomas) Stage II|Renal tumor (excluding renal cell carcinomas) Stage III|Renal tumor (excluding renal cell carcinomas) Stage IV|Renal tumor (excluding renal cell carcinomas) Stage y-I|Renal tumor (excluding renal cell carcinomas) Stage y-II|Renal tumor (excluding renal cell carcinomas) Stage y-III|Retinoblastoma Stage 0|Retinoblastoma Stage I|Retinoblastoma Stage II|Retinoblastoma Stage III|Retinoblastoma Stage IV|Rhabdomyosarcoma Stage I|Rhabdomyosarcoma Stage II|Rhabdomyosarcoma Stage III|Rhabdomyosarcoma Stage IV|Testicular germ cell tumor Stage I|Testicular germ cell tumor Stage IA|Testicular germ cell tumor Stage IB|Testicular germ cell tumor Stage II|Testicular germ cell tumor Stage IIA|Testicular germ cell tumor Stage IIB|Testicular germ cell tumor Stage IIC|Testicular germ cell tumor Stage III|Testicular germ cell tumor Stage IIIA|Testicular germ cell tumor Stage IIIB|Testicular germ cell tumor Stage IIIC|Testicular germ cell tumor Stage IS|Not Reported
laterality,Designates the side of the body where disease is found.,8,Bilateral|Left|Midline|Not Applicable|Not Reported|Not Specified|Right|Unknown
sex_at_birth,"""A textual description of a person's sex at birth.""",9,Female|Intersex|Male|Not Reported|Unknown|Don't know|Decline to answer|None of these describe me|Prefer not to answer
file_type,Text that provides a description of a particular kind of set of related records.,51,bam|bam_index|bai|bcf|bed|bif|bw|cns|cram|cram_index|crai|csi|csv|dicom|docx|fasta|fastq|gvcf|html|idat|jpg|json|mrxs|maf|ndpi|nifti|pdf|ped|png|py|rda|rdata|rds|sas7bdat|scn|seg|svg|svs|tar|tbi|tsv|tif|tiff|txt|vcf|vcf_index|vms|vmu|xls|xlsx|xml
file_category,A freeform description of the file.,4,programmatic source code|transformation/mapping|output schema|input source data
anatomic_site,"The location within the body as captured in the topography label of the International Classification of Diseases for Oncology, 3rd Edition (ICD-O-3).",358,"C76.2 : Abdomen, NOS|C15.2 : Abdominal esophagus|C31.9 : Accessory sinus, NOS|C72.4 : Acoustic nerve|C74.9 : Adrenal gland, NOS|C24.1 : Ampulla of Vater|C21.1 : Anal canal|C02.3 : Anterior 2/3 of tongue, NOS|C04.0 : Anterior floor of mouth|C38.1 : Anterior mediastinum|C10.1 : Anterior surface of epiglottis|C67.3 : Anterior wall of bladder|C11.3 : Anterior wall of nasopharynx|C21.0 : Anus, NOS|C75.5 : Aortic body and other paraganglia|C18.1 : Appendix|C76.4 : Arm, NOS|C18.2 : Ascending colon|C47.9 : Autonomic nervous system, NOS|C50.6 : Axillary tail of breast|C76.7 : Back, NOS|C01.9 : Base of tongue, NOS|C24.9 : Biliary tract, NOS|C67.5 : Bladder neck|C67.9 : Bladder, NOS|C42.0 : Blood|C25.1 : Body of pancreas|C60.2 : Body of penis|C16.2 : Body of stomach|C42.1 : Bone marrow|C40.9 : Bone of limb, NOS|C41.9 : Bone, NOS|C41 : BONES, JOINTS AND ARTICULAR CARTILAGE OF OTHER AND UNSPECIFIED SITES|C41.0 : Bones of skull and face and associated joints|C02.1 : Border of tongue|C71.7 : Brain stem|C71.9 : Brain, NOS|C10.4 : Branchial cleft|C50.9 : Breast, NOS|C57.1 : Broad ligament|C06.0 : Buccal mucosa|C76.3 : Buttock, NOS|C16.0 : Cardia, NOS|C75.4 : Carotid body|C72.1 : Cauda equina|C18.0 : Cecum|C72.9 : Central nervous system|C50.1 : Central portion of breast|C71.6 : Cerebellum, NOS|C70.0 : Cerebral meninges|C71.0 : Cerebrum|C15.0 : Cervical esophagus|C53.9 : Cervix uteri|C06.0 : Cheek mucosa|C76.1 : Chest, NOS|C76.1 : Chest wall, NOS|C69.3 : Choroid|C69.4 : Ciliary body|C51.2 : Clitoris|C21.2 : Cloacogenic zone|C18.9 : Colon, NOS|C00.6 : Commissure of lip|C69.0 : Conjunctiva|C49.4 : Connective, subcutaneous and other soft tissues of abdomen|C49.0 : Connective, subcutaneous and other soft tissues of head, face, and neck|C49.2 : Connective, subcutaneous and other soft tissues of lower limb and hip|C49.5 : Connective, subcutaneous and other soft tissues of pelvis|C49.3 : Connective, subcutaneous and other soft tissues of thorax|C49.6 : Connective, subcutaneous and other soft tissues of trunk, NOS|C49.1 : Connective, subcutaneous and other soft tissues of upper limb and shoulder|C49.9 : Connective, subcutaneous and other soft tissues, NOS|C69.1 : Cornea, NOS|C54.9 : Corpus uteri|C74.0 : Cortex of adrenal gland|C71.9 : Cranial fossa, NOS|C72.5 : Cranial nerve, NOS|C75.2 : Craniopharyngeal duct|C62.1 : Descended testis|C18.6 : Descending colon|C67.1 : Dome of bladder|C02.0 : Dorsal surface of tongue, NOS|C17.0 : Duodenum|C53.0 : Endocervix|C75.9 : Endocrine gland, NOS|C54.1 : Endometrium|C63.0 : Epididymis|C15.9 : Esophagus, NOS|C31.1 : Ethmoid sinus|C53.1 : Exocervix|C44.2 : External ear|C00.2 : External lip, NOS|C00.1 : External lower lip|C00.0 : External upper lip|C24.0 : Extrahepatic bile duct|C69.9 : Eye, NOS|C44.1 : Eyelid|C57.0 : Fallopian tube|C57.9 : Female genital tract, NOS|C04.9 : Floor of mouth, NOS|C76.5 : Foot, NOS|C71.1 : Frontal lobe|C31.2 : Frontal sinus|C16.1 : Fundus of stomach|C54.3 : Fundus uteri|C23.9 : Gallbladder|C16.3 : Gastric antrum|C26.9 : Gastrointestinal tract, NOS|C60.1 : Glans penis|C32.0 : Glottis|C16.6 : Greater curvature of stomach, NOS|C03.9 : Gum, NOS|C76.4 : Hand, NOS|C05.0 : Hard palate|C25.0 : Head of pancreas|C76.0 : Head, face or neck, NOS|C38.0 : Heart|C38 : HEART, MEDIASTINUM, AND PLEURA|C42 : HEMATOPOIETIC AND RETICULOENDOTHELIAL SYSTEMS|C42.4 : Hematopoietic system, NOS|C18.3 : Hepatic flexure of colon|C13.1 : Hypopharyngeal aspect of aryepiglottic fold|C13.9 : Hypopharynx, NOS|C17.2 : Ileum|C39.9 : Ill-defined sites within respiratory system|C26.0 : Intestinal tract, NOS|C77.2 : Intra-abdominal lymph nodes|C22.1 : Intrahepatic bile duct|C77.1 : Intrathoracic lymph nodes|C25.4 : Islets of Langerhans|C54.0 : Isthmus uteri|C17.1 : Jejunum|C64.9 : Kidney, NOS|C51.0 : Labium majus|C51.1 : Labium minus|C69.5 : Lacrimal gland|C32.3 : Laryngeal cartilage|C32.0 : Laryngeal commissure|C32.9 : Larynx, NOS|C04.1 : Lateral floor of mouth|C67.2 : Lateral wall of bladder|C11.2 : Lateral wall of nasopharynx|C10.2 : Lateral wall of oropharynx|C16.5 : Lesser curvature of stomach, NOS|C02.4 : Lingual tonsil|C00.9 : Lip, NOS|C22.0 : Liver|C22 : LIVER AND INTRAHEPATIC BILE DUCTS|C40.2 : Long bones of lower limb and associated joints|C40.0 : Long bones of upper limb, scapula and associated joints|C03.1 : Lower gum|C76.5 : Lower limb, NOS|C34.3 : Lower lobe, lung|C15.5 : Lower third of esophagus|C50.3 : Lower-inner quadrant of breast|C50.5 : Lower-outer quadrant of breast|C34.9 : Lung, NOS|C77.9 : Lymph node, NOS|C77.3 : Lymph nodes of axilla or arm|C77.0 : Lymph nodes of head, face and neck|C77.4 : Lymph nodes of inguinal region or leg|C77.8 : Lymph nodes of multiple regions|C34.0 : Main bronchus|C08.9 : Major salivary gland, NOS|C63.9 : Male genital organs, NOS|C41.1 : Mandible|C31.0 : Maxillary sinus|C17.3 : Meckel diverticulum|C38.3 : Mediastinum, NOS|C74.1 : Medulla of adrenal gland|C70.9 : Meninges, NOS|C30.1 : Middle ear|C34.2 : Middle lobe, lung|C15.4 : Middle third of esophagus|C06.9 : Mouth, NOS|C00.5 : Mucosa of lip, NOS|C00.4 : Mucosa of lower lip|C00.3 : Mucosa of upper lip|C49.9 : Muscle, NOS|C54.2 : Myometrium|C30.0 : Nasal cavity|C30 : NASAL CAVITY AND MIDDLE EAR|C11.9 : Nasopharynx, NOS|C72.9 : Nervous system, NOS|C50.0 : Nipple|C71.4 : Occipital lobe|C72.2 : Olfactory nerve|C72.3 : Optic nerve|C69.6 : Orbit, NOS|C10.9 : Oropharynx, NOS|C76.7 : Other ill-defined sites|C57.7 : Other specified parts of female genital organs|C63.7 : Other specified parts of male genital organs|C25.7 : Other specified parts of pancreas|C56.9 : Ovary|C31.8 : Overlapping lesion of accessory sinuses|C24.8 : Overlapping lesion of biliary tract|C67.8 : Overlapping lesion of bladder|C41.8 : Overlapping lesion of bones, joints and articular cartilage|C40.8 : Overlapping lesion of bones, joints and articular cartilage of limbs|C71.8 : Overlapping lesion of brain|C72.8 : Overlapping lesion of brain and central nervous system|C50.8 : Overlapping lesion of breast|C53.8 : Overlapping lesion of cervix uteri|C18.8 : Overlapping lesion of colon|C49.8 : Overlapping lesion of connective, subcutaneous and other soft tissues|C54.8 : Overlapping lesion of corpus uteri|C26.8 : Overlapping lesion of digestive system|C75.8 : Overlapping lesion of endocrine glands and related structures|C15.8 : Overlapping lesion of esophagus|C69.8 : Overlapping lesion of eye and adnexa|C57.8 : Overlapping lesion of female genital organs|C04.8 : Overlapping lesion of floor of mouth|C38.8 : Overlapping lesion of heart, mediastinum and pleura|C13.8 : Overlapping lesion of hypopharynx|C76.8 : Overlapping lesion of ill-defined sites|C32.8 : Overlapping lesion of larynx|C00.8 : Overlapping lesion of lip|C14.8 : Overlapping lesion of lip, oral cavity and pharynx|C34.8 : Overlapping lesion of lung|C08.8 : Overlapping lesion of major salivary glands|C63.8 : Overlapping lesion of male genital organs|C11.8 : Overlapping lesion of nasopharynx|C06.8 : Overlapping lesion of other and unspecified parts of mouth|C05.8 : Overlapping lesion of palate|C25.8 : Overlapping lesion of pancreas|C60.8 : Overlapping lesion of penis|C47.8 : Overlapping lesion of peripheral nerves and autonomic nervous system|C21.8 : Overlapping lesion of rectum, anus and anal canal|C39.8 : Overlapping lesion of respiratory system and intrathoracic organs|C48.8 : Overlapping lesion of retroperitoneum and peritoneum|C44.8 : Overlapping lesion of skin|C17.8 : Overlapping lesion of small intestine|C16.8 : Overlapping lesion of stomach|C02.8 : Overlapping lesion of tongue|C09.8 : Overlapping lesion of tonsil|C68.8 : Overlapping lesion of urinary organs|C51.8 : Overlapping lesion of vulva|C10.8 : Overlapping lesions of oropharynx|C05.9 : Palate, NOS|C25.9 : Pancreas, NOS|C25.3 : Pancreatic duct|C57.3 : Parametrium|C75.0 : Parathyroid gland|C68.1 : Paraurethral gland|C71.3 : Parietal lobe|C07.9 : Parotid gland|C41.4 : Pelvic bones, sacrum, coccyx and associated joints|C77.5 : Pelvic lymph nodes|C76.3 : Pelvis, NOS|C60.9 : Penis, NOS|C76.3 : Perineum, NOS|C47.4 : Peripheral nerves and autonomic nervous system of abdomen|C47.0 : Peripheral nerves and autonomic nervous system of head, face, and neck|C47.2 : Peripheral nerves and autonomic nervous system of lower limb and hip|C47.5 : Peripheral nerves and autonomic nervous system of pelvis|C47.3 : Peripheral nerves and autonomic nervous system of thorax|C47.6 : Peripheral nerves and autonomic nervous system of trunk, NOS|C47.1 : Peripheral nerves and autonomic nervous system of upper limb and shoulder|C48.2 : Peritoneum, NOS|C14.0 : Pharynx, NOS|C75.3 : Pineal gland|C75.1 : Pituitary gland|C58.9 : Placenta|C38.4 : Pleura, NOS|C13.0 : Postcricoid region|C71.9 : Posterior cranial fossa|C38.2 : Posterior mediastinum|C67.4 : Posterior wall of bladder|C13.2 : Posterior wall of hypopharynx|C11.1 : Posterior wall of nasopharynx|C10.3 : Posterior wall of oropharynx|C60.0 : Prepuce|C61.9 : Prostate gland|C16.4 : Pylorus|C12.9 : Pyriform sinus|C19.9 : Rectosigmoid junction|C20.9 : Rectum, NOS|C65.9 : Renal pelvis|C42.3 : Reticuloendothelial system, NOS|C69.2 : Retina|C06.2 : Retromolar area|C48.0 : Retroperitoneum|C41.3 : Rib, sternum, clavicle and associated joints|C57.2 : Round ligament|C08.9 : Salivary gland, NOS|C63.2 : Scrotum, NOS|C40.3 : Short bones of lower limb and associated joints|C40.1 : Short bones of upper limb and associated joints|C40.0 : Bone of shoulder|C76.4 : Shoulder, NOS|C18.7 : Sigmoid colon|C44.0 : Skin of lip, NOS|C44.7 : Skin of lower limb and hip|C44.3 : Skin of other and unspecified parts of face|C44.4 : Skin of scalp and neck|C44.5 : Skin of trunk|C44.6 : Skin of upper limb and shoulder|C44.9 : Skin, NOS|C17.9 : Small intestine, NOS|C05.1 : Soft palate, NOS|C48.1 : Specified parts of peritoneum|C63.1 : Spermatic cord|C31.3 : Sphenoid sinus|C41.2 : Spine|C72.0 : Spinal cord|C72 : SPINAL CORD, CRANIAL NERVES, AND OTHER PARTS OF CENTRAL NERVOUS SYSTEM|C70.1 : Spinal meninges|C42.2 : Spleen|C18.5 : Splenic flexure of colon|C16.9 : Stomach, NOS|C32.2 : Subglottis|C08.1 : Sublingual gland|C08.0 : Submandibular gland|C11.0 : Superior wall of nasopharynx|C32.1 : Supraglottis|C25.2 : Tail of pancreas|C71.2 : Temporal lobe|C62.9 : Testis, NOS|C76.5 : Thigh, NOS|C15.1 : Thoracic esophagus|C76.1 : Thorax, NOS|C37.9 : Thymus|C73.9 : Thyroid gland|C40.2 : Tibia|C02.9 : Tongue, NOS|C09.9 : Tonsil, NOS|C09.0 : Tonsillar fossa|C09.1 : Tonsillar pillar|C33.9 : Trachea|C18.4 : Transverse colon|C67.0 : Trigone of bladder|C62.0 : Undescended testis|C03.0 : Upper gum|C76.4 : Upper limb, NOS|C34.1 : Upper lobe, lung|C39.0 : Upper respiratory tract, NOS|C15.3 : Upper third of esophagus|C50.2 : Upper-inner quadrant of breast|C50.4 : Upper-outer quadrant of breast|C67.7 : Urachus|C66.9 : Ureter|C67.6 : Ureteric orifice|C68.0 : Urethra|C68.9 : Urinary system, NOS|C57.4 : Uterine adnexa|C55.9 : Uterus, NOS|C05.2 : Uvula|C52.9 : Vagina, NOS|C10.0 : Vallecula|C02.2 : Ventral surface of tongue, NOS|C71.5 : Ventricle, NOS|C41.2 : Vertebral column|C06.1 : Vestibule of mouth|C51.9 : Vulva, NOS|C14.2 : Waldeyer ring|C80.9 : Unknown primary site|Unknown|Not Reported"
tumor_grade,A text term to express the degree of abnormality of cancer cells as a measure of differentiation and aggressiveness.,9,G1 Low Grade|G2 Intermediate Grade|G3 High Grade|G4 Anaplastic|GB Borderline|GX Grade Cannot Be Assessed|Not Applicable|Not Reported|Unknown
tumor_stage_clinical_t,Extent of the primary cancer based on evidence obtained from clinical assessment parameters determined prior to treatment.,36,T0|T1|T1a|T1a1|T1a2|T1b|T1b1|T1b2|T1c|T1mi|T2|T2a|T2a1|T2a2|T2b|T2c|T2d|T3|T3a|T3b|T3c|T3d|T4|T4a|T4b|T4c|T4d|T4e|T5|Ta|Tis|Tis (DCIS)|Tis (LCIS)|Tis (Paget's)|TX|Not Reported
tumor_stage_clinical_n,Extent of the regional lymph node involvement for the cancer based on evidence obtained from clinical assessment parameters determined prior to treatment.,25,N0|N0 (i-)|N0 (i+)|N0 (mol-)|N0 (mol+)|N1|N1a|N1b|N1bI|N1bII|N1bIII|N1bIV|N1c|N1mi|N2|N2a|N2b|N2c|N3|N3a|N3b|N3c|N4|NX|Not Reported
tumor_stage_clinical_m,Extent of the distant metastasis for the cancer based on evidence obtained from clinical assessment parameters determined prior to treatment.,8,cM0 (i+)|M0|M1|M1a|M1b|M1c|MX|Not Reported
disease_phase,The stage or period of an individual's treatment process during which relevant observations were recorded.,10,Initial Diagnosis|Not Reported|Post-Mortem|Progression|Refractory|Relapse|Recurrent Disease|Relapse/Progression|Not Applicable|Unknown
tumor_classification,The classification of a tumor based primarily on histopathological characteristics.,6,Primary|Regional|Metastatic|Unknown|Not Reported|Not Applicable
sample_tumor_status,Text term that represents a description of the kind of tissue collected with respect to disease status or proximity to tumor tissue.,5,Normal|Peritumoral|Tumor|Not Reported|Unknown
study_status,The status of the study.,3,Active|Completed|Provisional
last_known_survival_status,"Individual's vital status, indicating whether they are currently alive, deceased, or if their status remains unknown or unspecified.",4,Alive|Dead|Not reported|Unknown
event_free_survival_status,Identify the nature of the event that best characterizes the endpoint of the study.,14,Censored|Unknown|Death|Death without Remission|Event|Induction Death|Induction Failure|None|Not Censored|Not Reported|Other|Progression|Relapse|Second Malignant Neoplasm
first_event,Identify the nature of the event that best characterizes the endpoint of the study.,8,Induction Failure|Progression|Relapse|Second Malignant Neoplasm|Death|Not Reported|Not Applicable|Unknown
cause_of_death,A high level grouping of the circumstance or condition of greatest rank or importance that results in the death of a living being.,8,Due to non-study treatment|Due to other cause|Due to protocol treatment|Due to secondary primary cancer|Due to this disease|Not Applicable|Not Reported|Unknown
treatment_type,Text term that describes the kind of treatment administered.,30,3-Dimensional Conformal Radiation Therapy|Allogeneic Hematopoietic Stem Cell Transplantation|Autologous Stem Cell Transplantation|Brachytherapy|Cellular Therapy|Chemotherapy|Concurrent Chemoradiation|Conventional Radiotherapy|Electron Beam Radiation Therapy|External Beam Radiation Therapy|High-Dose Rate Brachytherapy|Hormone Therapy|Immunotherapy|Intensity-Modulated Radiation Therapy|Low-Dose Rate Brachytherapy|Not Reported|Organ Transplantation|Palliative Care|Pharmacotherapy|Photon Beam Radiation Therapy|Proton Beam Radiation Therapy|Radiation Therapy|Radiofrequency Ablation|Radiopharmaceutical|Stem Cell Transplant|Stereotactic Body Radiation Therapy|Stereotactic Radiosurgery|Surgical Procedure|Targeted Molecular Therapy|Unknown
response,The result of an evaluation to determine whether pathologic and/or clinical changes resulted from treatment.,14,Complete Remission|Minor Response|Mixed Response|No Evidence of Disease|Non-Response|Not Applicable|Not Done|Not Evaluable|Not Reported|Partial Response|Progressive Disease|Stable Disease|Unknown|Very Good Partial Response
response_category,"A text term based on categorization of the pathologic and/or clinical changes that result from treatment, including eradication of detectable disease, stabilization of disease, or disease progression.",11,Bone Marrow Response|CNS Response|Metastatic Soft Tissue and Bone Response|Myeloid Sarcoma Response|Non-Target Lesions|Not Reported|Other|Overall Response|Primary Site Response|Target Lesions|Unknown
response_system,The type of standard from which a judgment concerning tumor response to therapy can be established.,13,"Choi|INRC, Brodeur 1993|INRC, Park 2017|iRANO|Modified MacDonald|mRECIST|Not Reported|PERCIST|RANO|RAPNO|RECIST|Unknown|WHO"
genomic_source_category,The text term that describes the origin of a variation in the nucleic acid sequence of a specific gene.,5,Germline|Not Reported|Somatic|Somatic Mosaic|Unknown
method,The type of systematic investigation using controlled observations and measurements to test hypotheses or develop a plan of action based on the facts discovered.,7,Archer Fusion|DNA Sequencing|Methylation Analysis|Pathology|Radiology|RNA Sequencing|Not Reported
chromosome,Threadlike structures made of protein and a single molecule of DNA in a human that serve to carry the genomic information from cell to cell.,28,Chr 1|Chr 10|Chr 11|Chr 12|Chr 13|Chr 14|Chr 15|Chr 16|Chr 17|Chr 18|Chr 19|Chr 2|Chr 20|Chr 21|Chr 22|Chr 23|Chr 3|Chr 4|Chr 5|Chr 6|Chr 7|Chr 8|Chr 9|Chr M|Chr X|Chr Y|Not Reported|Unknown
translocation_partner_chromosome,Threadlike structures made of protein and a single molecule of DNA in a human that serve to carry the genomic information from cell to cell.,28,Chr 1|Chr 10|Chr 11|Chr 12|Chr 13|Chr 14|Chr 15|Chr 16|Chr 17|Chr 18|Chr 19|Chr 2|Chr 20|Chr 21|Chr 22|Chr 23|Chr 3|Chr 4|Chr 5|Chr 6|Chr 7|Chr 8|Chr 9|Chr M|Chr X|Chr Y|Not Reported|Unknown
alteration,The words by which the generally used name of the mutation is known.,221,"11q Deletion|12q Gain|16q Loss|17q Gain|1p Deletion|1q Gain|45XO|45XO w/ Y chromosomal material|46XX|46XY|47XXX|47XXY|47XYY|48XXXX|48XXXY|8q Gain|AKT mutation|ALK Mutation|ALK p.R1275L mutation|ALK Rearrangement|ARID1A mutation|ATM mutation|BCOR mutation|BCOR Rearranged|BCOR-MAML3|BCR-ABL1 Fusion|BRAF Mutation|BRAF V600E|BRCA2 Mutation|CCNB3-BCOR|CCND1 mutation|CCND2 Mutation|CDK4 mutation|CDKN2A|CDKN2A Mutation|CEBPA mutation - biallelic|CEBPA mutation - monoallelic|CEBPA mutation - mutation unspecified|Chromosome 11 Loss|Chromosome 14q Loss|CIC Rearranged|CIC-DUX4|CIC-DUX4L10|CKIT mutation - ex17|CKIT mutation - ex8|CKIT mutation - unspecified|Complex karyotype|CTNNB1 Mutation|del(13q) (13q 14 - 21)|del(17p)|del(5q)(5q31-q32)|del(5q)|del(7q)|del(9q)|der.12p|DICER1 mutation|E2A/PBX1 t(1;19)|ETV6 rearranged|ETV6-RUNX1 t(12;21)(p13;q22)(formerly TEL-AML1)|EWSR1 Rearranged|EWSR1-ATF1|EWSR1-CREB1|EWSR1-DDIT3|EWSR1-ERG|EWSR1-ETV1|EWSR1-ETV4|EWSR1-FEV|EWSR1-FLI1|EWSR1-KLF17|EWSR1-NR4A3|EWSR1-PBX1|EWSR1-POU5F1|EWSR1-WT1|EWSR1-ZNF444|FBXW7 mutation|FGFR4 mutation|FLT3 internal tandem duplication (ITD)|FLT3-TKD|FOXO1 rearranged|FUS Rearranged|FUS Translocation Present|FUS-DDIT3|FUS-ERG|FUS-FEV|FUS-KLF17|GAB1 mutation|GATA1 mutation|GLI2 Amplification|HRAS mutation|iAMP21|IGF1R mutation|inv(16)|inv(16)(p13.3q24.3)/CBFA2T3-GLIS2|inv(16)(p13q22)|inv(3)(q21;q21.2)|inv(X)(p11.4;p11.22)|KIT Exon 8 Mutation|KIT Exon 17 Mutation|K-RAS mutation|KRAS Mutation|Loss of Chromosome 11q (Deletion)|Loss of Chromosome 1p (Deletion)|Loss of chromosome Y (LOY)|MDM2 mutation|MLL Other partner|Monosomy 5|Monosomy 7|Monosomy X|MTOR mutation|MYC Amplification|MYCN Amplification|MYCN mutation|MYOD1 Mutation|N-RAS mutation|NF1 mutation|Non-KMT2A MLLT10|NPM1 mutation|NRAS mutation|NTRK Rearranged|Not Reported|Other|p.F1174L|PDGFRA Mutation|PIK3CA Mutation|PKN1 mutation|PTCH1 Mutation|PTPN11 mutation|ROBO1 mutation|ROS1 rearranged|RUNX1 mutation|SMARCA4 mutation|SMARCB1 deleted/mutated|SMO Mutation|SOS1 mutation|SOS2 mutation|STAG2|SUFU Mutation|t(10;11)(p11.2;q23)|t(10;11)(p12;q23) / MLL-MLLT10(AF10)|t(10;19)(q26;q13)|t(11;15)(p15;q35)/NUP98/JARID1A|t(11;16)(q13; p11)|t(11;17)(AF17)|t(11;19)(q13;q13.4)|t(11;19)(q23;p13) (MLL-ENL)/(MLL-ELL)|t(11;19)(q23;p13.1) (MLL-ELL)|t(11;19)(q23;p13.3) (MLL-ENL)|t(11;22)(p13;q12)|t(11;22)(q24;q12)|t(11;22), NOS|t(12;15)(p13;q25)|t(12;16)(q13;p11)|t(12;22)(q13.12;q12)|t(12;22)(q13.3;q12)|t(12;22)(q13;q12)|t(12;22;20)(q13;q12;q11)|t(15;17)(q24;q21)|t(16;16)(p13.1;q22)|t(16;21)(p11;q22)|t(16;21)(p11;q22)FUS/ERG|t(16;21)(q24;q22)RUNX1-CBFA2T3|t(17;22)(q21;q12)|t(17;22)(q22;q13)|t(19;22)(q13;q12)|t(1;10)(p22-31; q24-25)|t(1;11)(q21;q23) / MLL-MLLT11(AF1Q)|t(1;16)(p34;p11)|t(1;22)(p34;q12)|t(1;22)(q23;q12)|t(1;22)(RBM15-MKL1)|t(21;22)(q22;q12)|t(2;12)|t(2;16)(q35;p11)|t(2;22)(q33.3;q12)|t(2;22)(q33;q12)|t(2;22)(q34;q12)|t(3;12)(q23;p12.3)(ETV6/EVI1)|t(3;3)(q21;q26.2), RPN1-EVI1|t(3;5)(p25;q34)NPM1/MLF1|t(4;11)(q21;q23) / MLL-MLLT2(AF4)|t(4;19)(q25;q13)|t(4;19)(q35;q13)|t(5;11)(q35;p15) NSD1/NUP98|t(5;18)(q35;q11)|t(6;11)(q27;q23) / MLL-MLLT4(AF6)|t(6;22)(p21;q12)|t(6;9)|t(6;9)(p23;q34) DEK/NUP214|t(7;12)(q36;p13) HLXB9(MNX1)/ETV6(TEL)|t(7;16)(q33;p11)|t(7;22)(p22;q12)|t(8;14)(q24;q32) or other variant of B-ALL|t(8;16)MOZ/CBP|t(8;21)|t(8;8)(q21;q13)|t(9;11)(p22;q23) / MLL-MLLT3(AF9)|t(9;15)(q22;q21)|t(9;17)(q22;q11)|t(9;17)(q22;q11.2)|t(9;22)(q22-23;q11-12)|t(9;22)(q22;q12)|t(X;17)(p11.2;q25)|t(X;18)(p11.21;q11)|t(X;18)(p11.23;q11)|t(X;20)(p11.2;q13.3)|t(X;22((p11;q13)|t(X;4)(p11;q31)|TAF15-NR4A3|TCF3-PBX1 Fusion|TLS/FEV|TP53|TP53 Mutation|Trisomy 10|Trisomy 17|Trisomy 21|Trisomy 4|Trisomy 8|Unknown|WT1 mutation|X Chromosome Inversion|ZC3H7B-BCOR"
alteration_type,"The type of gain, loss or alteration of the sequences comprising a gene.",15,"Chromosomal Gain|Chromosomal Loss|Chromothripsis|Deletion|Duplication|Internal Tandem Duplication|Inversion|Isochromosome|Mutation, NOS|Other|Rearrangement|Substitution|Translocation|Insertion|Unknown"
alteration_effect,"The type of effect of a sequence change on the function of an RNA, DNA, or protein.",15,Amplification|Frameshift|Gene Fusion|Missense|Monosomy|None (inframe)|Nullisomy|Splice Acceptor|Splice Donor|Start Lost|Stop Gained|Stop Lost|Synonymous|Trisomy|Not Reported
status,The presence or extent of a genetic alteration in an individual's genome.,4,Present|Absent|Unknown|Not Done
laboratory_test_method,The text term used to describe the method used for molecular analysis.,21,"Comparative Genomic Hybridization|Cytogenetics, NOS|FISH|Flow Cytometry|IHC|ISH|Karyotype|Microarray|Microsatellite Analysis|Nuclear Staining|Other|RNA Sequencing|RT-PCR|Sequencing, NOS|Southern Blotting|Targeted Sequencing|WGS|WXS|Unknown|Not Reported|Not Applicable"
laboratory_test_name,The name of the lab test or examination used to obtain the measurement or finding.,1059,"% lymphocyte of CD45 cells|11-Deoxycorticosterone, Serum|11-Deoxycortisol, Serum|17-OH-Pregnenolone, Serum|17-OH-Progesterone, Serum|20(S)-hydroxycholesterol, Serum|21 Gene Signature (Oncotype DX), #, Tissue|21 Gene Signature (Oncotype DX), Tissue|22(R)-hydroxycholesterol, Serum|22(S)-hydroxycholesterol, Serum|24(S),25-epoxycholesterol, Serum|24R-hydroxycholesterol, Serum|24S-hydroxycholesterol, Serum|25-hydroxycholesterol, Serum|27-hydroxycholesterol, Serum|3beta-hydroxy-5-cholestenoic acid, Serum|4 Hydroxytestosterone (4-OH), Serum/Plasma|4 Hydroxytestosterone (4-OH), Tissue|4-OHT E Isomer, Plasma|4-OHT E Isomer, Tissue|4-OHT Z Isomer, Plasma|4-OHT Z Isomer, Tissue|4beta-hydroxycholesterol, Serum|5 Protein Signature (Ova1), Serum|5'-Nucleotidase, Serum|5-Hydroxyindoleacetic Acid (5-HIAA), Urine|7-ketocholesterol, Serum|70 Gene Signature (Mammaprint), Tissue|7alpha,25-dihydroxycholesterol, Serum|7alpha,27-dihydroxycholesterol, Serum|7alpha-hydroxycholesterol, Serum|7beta-hydroxycholesterol, Serum|Abnormal Lymphocytes, %, Blood|ABO Group, Rh Type, Blood|Absolute Granulocyte|Absolute Neutrophil Count (ANC), Blood|Acetylcholine Receptor (AChR) Ab, Blood|Acid Phosphatase (ACP), Serum|Activated Partial Thromboplastin Time (APTT)|Adenovirus Antibody, Serum|Adenovirus, PCR, Quantitative, Blood|Adiponectin, Serum|Adrenocorticotropin, Serum|Alanine Aminotransferase (ALT or SGPT), Serum|Alb/Glob ratio|Albumin, %, Electrophoresis, Random Urine|Albumin, Electrophoresis, Timed Urine|Albumin, Serum|Albumin-Creatinine Ratio, Urine|Aldolase, Serum|Aldosterone, Serum|Alkaline Phosphatase, Bone, Serum|Alkaline Phosphatase, Serum|Alpha 1 Globulin, %, 24 hour, Urine|Alpha 1 Globulin, Electrophoresis, Random Urine|Alpha 1 Globulin, Electrophoresis, Timed Urine|Alpha 1 Globulin, Protein Electrophoresis, Serum|Alpha 2 Globulin, %, 24 hour, Urine|Alpha 2 Globulin, Electrophoresis, Random Urine|Alpha 2 Globulin, Electrophoresis, Timed Urine|Alpha 2 Globulin, Protein Electrophoresis, Serum|Alpha-1 Fetoprotein, Serum|Aluminum, Plasma|Ammonia, Serum|Amylase, Serum|Anaplastic Lymphoma Kinase (ALK) Gene Arrangement, Tissue|Androstenedione, Serum|Anion Gap, Serum|Anti-DsDNA|Anti-Hbe Antibody, Serum|Anti-HCV Antibody, Serum|Anti-Interleukin 15 Antibody, Serum|Anti-Pneumococcal Antibody Serotype 1 (1) Post-Vaccination, Serum|Anti-Pneumococcal Antibody Serotype 1 (1) Pre-Vaccination, Serum|Anti-Pneumococcal Antibody Serotype 1 (1) Random, Serum|Anti-Pneumococcal Antibody Serotype 10A (34) Post-Vaccination, Serum|Anti-Pneumococcal Antibody Serotype 10A (34) Pre-Vaccination, Serum|Anti-Pneumococcal Antibody Serotype 10A (34) Random, Serum|Anti-Pneumococcal Antibody Serotype 11A (43) Post-Vaccination, Serum|Anti-Pneumococcal Antibody Serotype 11A (43) Pre-Vaccination, Serum|Anti-Pneumococcal Antibody Serotype 11A (43) Random, Serum|Anti-Pneumococcal Antibody Serotype 12F (12) Post-Vaccination, Serum|Anti-Pneumococcal Antibody Serotype 12F (12) Pre-Vaccination, Serum|Anti-Pneumococcal Antibody Serotype 12F (12) Random, Serum|Anti-Pneumococcal Antibody Serotype 14 (14) Post-Vaccination, Serum|Anti-Pneumococcal Antibody Serotype 14 (14) Pre-Vaccination, Serum|Anti-Pneumococcal Antibody Serotype 14 (14) Random, Serum|Anti-Pneumococcal Antibody Serotype 15B (54) Post-Vaccination, Serum|Anti-Pneumococcal Antibody Serotype 15B (54) Pre-Vaccination, Serum|Anti-Pneumococcal Antibody Serotype 15B (54) Random, Serum|Anti-Pneumococcal Antibody Serotype 17F (17) Post-Vaccination, Serum|Anti-Pneumococcal Antibody Serotype 17F (17) Pre-Vaccination, Serum|Anti-Pneumococcal Antibody Serotype 17F (17) Random, Serum|Anti-Pneumococcal Antibody Serotype 18C (56) Post-Vaccination, Serum|Anti-Pneumococcal Antibody Serotype 18C (56) Pre-Vaccination, Serum|Anti-Pneumococcal Antibody Serotype 18C (56) Random, Serum|Anti-Pneumococcal Antibody Serotype 19A (57) Post-Vaccination, Serum|Anti-Pneumococcal Antibody Serotype 19A (57) Pre-Vaccination, Serum|Anti-Pneumococcal Antibody Serotype 19A (57) Random, Serum|Anti-Pneumococcal Antibody Serotype 19F (19) Post-Vaccination, Serum|Anti-Pneumococcal Antibody Serotype 19F (19) Pre-Vaccination, Serum|Anti-Pneumococcal Antibody Serotype 19F (19) Random, Serum|Anti-Pneumococcal Antibody Serotype 2 (2) Post-Vaccination, Serum|Anti-Pneumococcal Antibody Serotype 2 (2) Pre-Vaccination, Serum|Anti-Pneumococcal Antibody Serotype 2 (2) Random, Serum|Anti-Pneumococcal Antibody Serotype 20 (20) Post-Vaccination, Serum|Anti-Pneumococcal Antibody Serotype 20 (20) Random, Serum|Anti-Pneumococcal Antibody Serotype 20(20) Pre-Vaccination, Serum|Anti-Pneumococcal Antibody Serotype 22F (22) Post-Vaccination, Serum|Anti-Pneumococcal Antibody Serotype 22F (22) Pre-Vaccination, Serum|Anti-Pneumococcal Antibody Serotype 22F (22) Random, Serum|Anti-Pneumococcal Antibody Serotype 23F (23) Post-Vaccination, Serum|Anti-Pneumococcal Antibody Serotype 23F (23) Pre-Vaccination, Serum|Anti-Pneumococcal Antibody Serotype 23F (23) Random, Serum|Anti-Pneumococcal Antibody Serotype 3 (3) Post-Vaccination, Serum|Anti-Pneumococcal Antibody Serotype 3 (3) Pre-Vaccination, Serum|Anti-Pneumococcal Antibody Serotype 3 (3) Random, Serum|Anti-Pneumococcal Antibody Serotype 33F (70) Post-Vaccination, Serum|Anti-Pneumococcal Antibody Serotype 33F (70) Pre-Vaccination, Serum|Anti-Pneumococcal Antibody Serotype 33F (70) Random, Serum|Anti-Pneumococcal Antibody Serotype 4 (4) Post-Vaccination, Serum|Anti-Pneumococcal Antibody Serotype 4 (4) Pre-Vaccination, Serum|Anti-Pneumococcal Antibody Serotype 4 (4) Random, Serum|Anti-Pneumococcal Antibody Serotype 5 (5) Post-Vaccination, Serum|Anti-Pneumococcal Antibody Serotype 5 (5) Pre-Vaccination, Serum|Anti-Pneumococcal Antibody Serotype 5 (5) Random, Serum|Anti-Pneumococcal Antibody Serotype 6B (26) Post-Vaccination, Serum|Anti-Pneumococcal Antibody Serotype 6B (26) Pre-Vaccination, Serum|Anti-Pneumococcal Antibody Serotype 6B (26) Random, Serum|Anti-Pneumococcal Antibody Serotype 7F (51) Post-Vaccination, Serum|Anti-Pneumococcal Antibody Serotype 7F (51) Pre-Vaccination, Serum|Anti-Pneumococcal Antibody Serotype 7F (51) Random, Serum|Anti-Pneumococcal Antibody Serotype 8 (8) Post-Vaccination, Serum|Anti-Pneumococcal Antibody Serotype 8 (8) Pre-Vaccination, Serum|Anti-Pneumococcal Antibody Serotype 8 (8) Random, Serum|Anti-Pneumococcal Antibody Serotype 9N (9) Post-Vaccination, Serum|Anti-Pneumococcal Antibody Serotype 9N (9) Pre-Vaccination, Serum|Anti-Pneumococcal Antibody Serotype 9N (9) Random, Serum|Anti-Pneumococcal Antibody Serotype 9V (68) Post-Vaccination, Serum|Anti-Pneumococcal Antibody Serotype 9V (68) Pre-Vaccination, Serum|Anti-Pneumococcal Antibody Serotype 9V (68) Random, Serum|Anti-Saccharomyces cerevisiae Antibodies (ASCA), IgA, Serum|Anti-Saccharomyces cerevisiae Antibodies (ASCA), IgG, Serum|Antiadrenal Antibody, Serum|Antibody Screen, Serum|Antibody to Hepatitis B surface antigen (HBSAb), Serum|Antibody-Dependent Cell-Mediated Cytotoxicity (ADCC), Blood|Antinuclear Antibody (ANA), Serum|Antistreptolysin O, Blood|Apoptotic Cells, %, Tissue|Appearance, Cerebrospinal Fluid|Appearance, Urine|apTT|Aspartate Aminotransferase (AST or SGOT), Serum|Aspergillus (Galactomannan) Antigen; Blood|Aspergillus (Galactomannan) Antigen; Bronchoalveolar Lavage|Aspergillus (Galactomannan) Antigen; CSF|Atypical Cells, Blood|Atypical Lymphocytes, #, Blood|Atypical Lymphocytes, %, Blood|B Lymphocytes, #, Blood|Babesia microti IgG Antibody, Blood|Bacteria, Microscopic, Spot Urine|Basophilic Myelocytes, %, Bone Marrow|Basophils, #, Blood|Basophils, %, Blood|BCR-ABL P210 Assay, Blood|BCR-ABL Sensitivity, Blood|BCR-ABL/G6PDH Ratio, Blood|Bence Jones Protein, Electrophoresis, 24 hour, Urine|Bence Jones Protein, Electrophoresis, Serum|Bence Jones Protein, Electrophoresis, Urine|Beta 1 Globulin, Protein Electrophoresis, Serum|Beta 2 Globulin, Protein Electrophoresis, Serum|Beta Choriogonadotropin (BHCG), or Pregnancy Test, Spot Urine|Beta Choriogonadotropin BHCG, or Pregnancy Test, Serum|Beta Globulin, %, 24 hour, Urine|Beta Globulin, Electrophoresis, Random Urine|Beta Globulin, Electrophoresis, Timed Urine|Beta Globulin, Protein Electrophoresis, Serum|Beta-2 Microglobulin, Serum|Beta-2 Microglobulin, Urine|Beta-Crosslaps, Serum|Beta-D-Glucan, Blood|Beta-D-Glucan, CSF|Bicarbonate (HCO3), Arterial Blood|Bicarbonate, Serum|Bile (Biliary Obstruction), Spot Urine|Bilirubin (Bile), Spot Urine|Bilirubin, Direct, Serum|Bilirubin, Indirect, Serum|Bilirubin, Total, Serum|Bisphenol, Serum/Plasma|Bisphenol, Tissue|BK Virus, Polymerase Chain Reaction (PCR), #, Blood|BK Virus, Polymerase Chain Reaction (PCR), #, Urine|BK Virus, Polymerase Chain Reaction (PCR), Quantitative, Copies/mL, Blood|Blasts, #, Blood|Blasts, %, Blood|Bleeding Time, Patient, Blood|Blood collection for Apalutamide|Blood collection for HPV Antibody Titers|Blood collection for pharmacogenomic analysis|Blood leukocyte count|Blood Urea Nitrogen (BUN), Serum|Blood Urea Nitrogen (BUN)/Creatinine Ratio, Serum|Blood, Spot Urine|BRAF Gene Mutation V600E, Tissue|Bromide, Serum|Busulfan, Blood|C Reactive Protein, High Sensitivity, Serum|C Reactive Protein, Serum|C-Peptide, Serum|C-Telopeptide, Serum|Cadaverine, Tissue|Calcitonin, Serum|Calcium Oxalate Crystals, Urine|Calcium, 24 hour, Urine|Calcium, Corrected, Serum|Calcium, Ionized, Arterial Blood|Calcium, Ionized, Serum|Calcium, Serum|Calculated creatinine clearance|Cancer Antigen 27-29 (CA27-29), Serum|Carbamazepine, Serum|Carbon Dioxide, Partial Pressure, mmHg, Arterial Blood|Carbon Monoxide Diffusing Capacity, Respiratory System|Carboxyhemoglobin, Arterial Blood|Carcinoembryonic Antigen (CEA), Serum|Carcinogenic Antigen 125 (CA125), Serum|Carcinogenic Antigen 15-3 (CA15-3), Serum|Carcinogenic Antigen 19-9 (CA19-9), Serum|Cardiolipin Antibody, IgG, Serum|Cardiolipin Antibody, IgM, Serum|Casts, Spot Urine|Catecholamines, Fractionated, Urine|Catecholamines, Plasma|Catecholamines, Random Urine|CD10 Cells, Blood|CD103 Cells, Blood|CD11C, Blood|CD14, %, Peripheral Mononuclear Cells (PBMC), Blood|CD16 or CD56/CD3, #, Blood|CD16 or CD56/CD3, %, Blood|CD16 or CD56/CD3-, #, Blood|CD16 or CD56/CD3-, %, Blood|CD16/56|CD19 Cells, #, Blood|CD19 Cells, %, Blood|CD19/20|CD2 Cells, %, Blood|CD20, #, Blood|CD20, %, Blood|CD22 Cells, Antibody, #, Blood|CD22, #, Blood|CD25 Cells PE, #, Blood|CD25 Cells PE, %, Blood|CD25 Cells, #, Blood|CD25 Cells, %, Blood|CD3 Cells, #, Blood|CD3 Cells, %, Flow Cytometry, Blood|CD3/7G7, #, Blood|CD3/7G7, %, Blood|CD3/CD25 Cells PE, #, Blood|CD3/CD25 Cells PE, %, Blood|CD3/CD25 Cells, #, Blood|CD3/CD25 Cells, %, Blood|CD3/CD30 Cells, #, Blood|CD3/CD30 Cells, %, Blood|CD3/CD4-/CD8-, #, Blood|CD3/CD4-/CD8-, %, Blood|CD3/CD8/CD28 Cells, #, Blood|CD3/CD8/CD28, %, Blood|CD3/CD8/CD57 Cells, #, Blood|CD3/CD8/CD57, %, Blood|CD3/HLA-DR, #, Blood|CD3/HLA-DR, %, Blood|CD38 Cells, #, Blood|CD4 Cells to CD3 Cells, #, Blood|CD4 Cells to CD3 Cells, %, Blood|CD4 Cells to CD8 Cells Ratio, Blood|CD4 Cells, #, Blood|CD4 Cells, %, Flow Cytometry, Blood|CD4+/CD25+ bright (T regs) Cells, #, Blood|CD4+/CD25+ bright (T regs) Cells, %, Blood|CD4+/CD25+/Foxp3+, #, Blood|CD4/7G7 Cells, #, Blood|CD4/7G7 Cells, %, Blood|CD4/CD25 Cells, #, Blood|CD4/CD25 Cells, %, Blood|CD4/CD25 PE Cells, #, Blood|CD4/CD25 PE Cells, %, Blood|CD4/CD25/CD62L Cells, #, Blood|CD4/CD25/CD62L Cells, %, Blood|CD4/CD25/CD69 Cells, #, Blood|CD4/CD25/CD69 Cells, %, Blood|CD4/CD30 Cells, #, Blood|CD4/CD30 Cells, %, Blood|CD4/CD45RA+CD45RO, #, Blood|CD4/CD45RA+CD45RO, %, Blood|CD4/CD45RA, #, Blood|CD4/CD45RA, %, Blood|CD4/CD45RO, #, Blood|CD4/CD45RO, %, Blood|CD4/CD62L, #, Blood|CD4/CD62L, %, Blood|CD4/CD62L-/CD45RA, #, Blood|CD4/CD62L-/CD45RA, %, Blood|CD4/CD62L/CD45RA, #, Blood|CD4/CD62L/CD45RA, %, Blood|CD4/HLA-DR, #, Blood|CD4/HLA-DR, %, Blood|CD45 Cells, #, Blood|CD5 Cells, %, Blood|CD52 Cells, #, Blood|CD7 Cells, #, Blood|CD7 Cells, %, Blood|CD7-/CD25 PE Cells, #, Blood|CD7-/CD25 PE Cells, %, Blood|CD7/CD25 PE Cells, #, Blood|CD7/CD25 PE Cells, %, Blood|CD8 Cells, #, Blood|CD8 Cells, %, Flow Cytometry, Blood|CD8/CD25 PE, #, Blood|CD8/CD25 PE, %, Blood|CD8/CD25, #, Blood|CD8/CD25, %, Blood|CD8/CD3, #, Blood|CD8/CD3, %, Blood|CD8/CD45RA+CD45RO, #, Blood|CD8/CD45RA+CD45RO, %, Blood|CD8/CD45RA, #, Blood|CD8/CD45RA, %, Blood|CD8/CD45RO, #, Blood|CD8/CD45RO, %, Blood|CD8/CD57, #, Blood|CD8/CD57, %, Blood|CD8/CD62L, #, Blood|CD8/CD62L, %, Blood|CD8/CD62L-/CD45RA, #, Blood|CD8/CD62L-/CD45RA, %, Blood|CD8/CD62L/CD45RA, #, Blood|CD8/CD62L/CD45RA, %, Blood|CD8/HLA-DR, #, Blood|CD8/HLA-DR, %, Blood|CD8beta+/CD69+ Cells, #, Blood|CD8beta+/CD69+ Cells, %, Blood|Cell Count, Cerebrospinal Fluid|Cellularity, %, Bone Marrow|Centromere, Antibody, Serum|CH50 Complement, Serum|Chloride, 24 hour, Urine|Chloride, Serum|Cholestanol, Serum|Cholesterol Sulfate, Serum|Cholesterol to High Density Lipids (HDL), Ratio, Serum|Cholesterol, Serum|Cholesterol, Total, Fasting, Serum|Chromogranin A, Blood|Chromogranin A, Serum|Chromosome 17 Expression, %, Blood|Chromosome 3 Expression, %, Blood|Chromosome 7 Expression, %, Blood|Chromosome 9p21 Expression, %, Blood|Chromosome hematologic, Bone Marrow|Clean Catch Culture, Urine|Clostridium tetani toxoid Antibody, IgG, Serum|Clot Retraction, Blood|Clotting Time, Blood|CMV PCR Quantitative Log 10, Blood|CO2 (Carbon Dioxide), Exhaled Gas|CO2, Serum|Coarse Granular Casts, Spot Urine|Color, Cerebrospinal Fluid|Color, Urine|Complement, C3, Serum|Complement, C4, Serum|Copper, Serum|Copper, Urine|Corticosterone, Mass Spectrometry, Serum|Cortisol 1, Serum|Cortisol 2, Serum|Cortisol 3, Serum|Cortisol, 24 hour, Urine|Cortisol, Blood|Cortisol, Serum|Creatine Kinase (CK), Serum|Creatine Phosphokinase (CPK), Serum|Creatinine Clearance (CrCl), Cockcroft-Gault, Serum|Creatinine Clearance, 24 hour, Urine|Creatinine, Blood|Creatinine, Plasma|Creatinine, Serum|Creatinine, Spot or Timed Sample, Urine|Crystrals, Spot Urine|Culture, Blood|Culture, Cerebrospinal Fluid|Culture, Respiratory Virus, Nasopharynx|Culture, Sputum|Culture, Stool|CXCL9, Plasma|Cyclic Citrullinated Peptide (CCP), Antibody, Serum|Cyclosporine, Blood|Cystatin C, Blood|Cytokeratin Fragments 21-1, Serum|Cytomegalovirus (CMV) Antibody, IgG, Serum|Cytomegalovirus (CMV) Antibody, IgM, Serum|Cytomegalovirus (CMV) Antibody, Serum|Cytomegalovirus (CMV) Antigenemia, Blood|Cytomegalovirus (CMV), Polymerase Chain Reaction (PCR), Blood|Cytomegalovirus, DNA, Polymerase Chain Reaction, Cerebrospinal Fluid|Cytomegalovirus, DNA, Polymerase Chain Reaction, Throat|Cytomegalovirus, DNA, Polymerase Chain Reaction, Urine|D-dimer, Plasma|Dako EGFR Pharmdx Immunohistochemical Labeling, Tissue|Dehydroepiandrosterone (DHEA), Serum|Dehydroepiandrosterone, Sulfate, Serum|Denosumab, Serum|DIFFERENTIAL Neutrophils, %|Diffuse Cytoplasmic Anti-Neutrophil Cytoplasmic Antibody, Serum|Diffusing Capacity % Predicted, Respiratory System|Diffusing Capacity to Alveolar Ventilation Ratio %, Respiratory System|Diffusing Capacity to Alveolar Ventilation Ratio, Respiratory System|Diffusion Capacity Carbon Monoxide (DL) Adjusted, % Predicted, Respiratory System|Diffusion Capacity Carbon Monoxide (DL) Adjusted, Respiratory System|Diffusion Capacity, Respiratory System|Dihydrotestosterone, Serum|Diphtheriae Antibody, Serum|Diptheria vaccine titer|Direct Antiglobulin Test (Coombs), Red Blood Cells|DNA-TCR B Chain, Blood|Dopamine, 24 hour, Urine|Dopamine, Plasma|Double Negative T (DNT) Cells, #, Blood|Double Negative T (DNT) Cells, %, Blood|Double Strand DNA (DSDNA) Antibody, Serum|EBV PCR Quantitative Log 10, Blood|EGFR vXXI Immunohistochemical Labeling, Tissue|Endoxifen, Serum/Plasma|Endoxifen, Tissue|Eosinophil|Eosinophilic Myelocytes, %, Bone Marrow|Eosinophils, #, Blood|Eosinophils, %, Blood|Epidermal Growth Factor Receptor (EGFR) Mutation, Tissue|Epinephrine, 24 hour, Urine|Epinephrine, Plasma|Epstein Barr Virus (EBV) Antibody, Serum|Epstein Barr Virus (EBV) Nuclear Antibody, Serum|Epstein Barr Virus (EBV), Heterophile, IgM, Serum|Epstein-Barr Virus (EBV) Early Antigen, Serum|Epstein-Barr Virus (EBV), DNA, #, Polymerase Chain Reaction (PCR), Blood|Epstein-Barr Virus (EBV), IgM , Serum|Epstein-Barr Virus (EBV), Nuclear Antibody, IgG, Serum|Epstein-Barr Virus (EBV), Nuclear Antibody, IgM, Serum|Erythrocyte Sedimentation Rate (ESR), Blood|Erythropoietin, Serum|Estimated Creatinine Renal Clearance, Urine|Estimated GFR (eGFR), Serum|Estimated Glomerular Filtration Rate|Estradiol, Serum|Estradiol, Tissue|Estrogen Receptor (ER), Serum|Expiratory Reserve Volume (ERV), % Predicted, Respiratory System|Expiratory Reserve Volume (ERV), Respiratory System|Expiratory Volume, Respiratory System|Extractable Nuclear Antigens (ENA) Screen, Blood|FAB Marrow Rating, Bone Marrow|Felbamate, Serum|Ferritin, Serum|Fetal Hemoglobin, Blood|FEV1 to FVC Predicted Ratio, Respiratory System|FEV1 to FVC Ratio, Post, Respiratory System|FEV1 to FVC Ratio, Pre, Respiratory System|FEV1 to FVC Ratio, Respiratory System|Fibrin Degradation Products (FDP), Blood|Fibrinogen, Auto, Platelet Poor Plasma|Fibrinogen, Blood|Fibrinogen, Fibrometer, Platelet Poor Plasma|Fine Granular Casts, Spot Urine|Fluorescent Activated Cell Sorting (FACS) Lymphoid Cells, #, Blood|Folate, Red Blood Cell|Folate, Serum|Follicle Stimulating Hormone (FSH), Serum|Forced Expiratory Flow (FEF), during midportion of expiratory cycle, Post, % Change, Respiratory System|Forced Expiratory Flow (FEF), during midportion of expiratory cycle, Post, % Predicted, Respiratory System|Forced Expiratory Flow (FEF), during midportion of expiratory cycle, Post, Respiratory System|Forced Expiratory Flow (FEF), during midportion of expiratory cycle, Pre, % Predicted, Respiratory System|Forced Expiratory Flow (FEF), during midportion of expiratory cycle, Pre, Respiratory System|Forced Expiratory Technique (FET), 100%, Post, Respiratory System|Forced Expiratory Technique (FET), 100%, Pre, Respiratory System|Forced Expiratory Volume % Predicted, Respiratory System|Forced Expiratory Volume 1 Second (FEV1) Slope, Respiratory System|Forced Expiratory Volume 1 Second (FEV1), Post, % Change, Respiratory System|Forced Expiratory Volume 1 Second (FEV1), Post, % Predicted, Respiratory System|Forced Expiratory Volume 1 Second (FEV1), Post, Respiratory System|Forced Expiratory Volume 1 Second (FEV1), Pre, % Predicted, Respiratory System|Forced Expiratory Volume 1 Second (FEV1), Pre, Respiratory System|Forced Expiratory Volume, Respiratory System|Forced Vital Capacity (FVC) % Predicted, Respiratory System|Forced Vital Capacity (FVC), Post, % Change, Respiratory System|Forced Vital Capacity (FVC), Post, % Predicted, Respiratory System|Forced Vital Capacity (FVC), Post, Respiratory System|Forced Vital Capacity (FVC), Pre, % Predicted, Respiratory System|Forced Vital Capacity (FVC), Pre, Respiratory System|Forced Vital Capacity (FVC), Respiratory System|Forced Vital Capacity (Maximum), Respiratory System|Fosphenytoin, Serum|Functional Residual Capacity (FRC), % Predicted, Respiratory System|Functional Residual Capacity, Respiratory System|Fungitell (Beta-D-Glucan) Assay Qualitative Blood|Fungitell (Beta-D-Glucan) Assay Quantitative Blood|Gabapentin|Gamma Globulin, %, 24 hour, Urine|Gamma Globulin, Electrophoresis, Random Urine|Gamma Globulin, Electrophoresis, Timed Urine|Gamma Globulin, Protein Electrophoresis, Serum|Gamma Glutamyl Transferase (GGT), Serum|Gastrin, Serum|Globulin, Serum|Glomerular filtration rate|Glomerular Filtration Rate, Manual Calculation, Blood|Glucagon, Serum|Glucose Tolerance Test (GTT), Serum|Glucose, CSF|Glucose, Estimated Average, Blood|Glucose, Fasting, Serum|Glucose, Non-fasting, Serum|Glucose, Quantitative, 24 hour, Urine|Glucose, Serum|Glucose, Spot Urine|Glucose-6-Phosphate Dehydrogenase (G6PD), Blood|GMCSF, Serum|H. influenza vaccine titer|Haptoglobin, Serum|Helicobactor Pylori Antibody, IgG, Serum|Hematocrit, %, Blood|Hemoglobin (Hgb) A1C, Blood|Hemoglobin, Blood|Hemoglobin, Spot Urine|Hepatitis A Virus Antibody (HAV), IgA, Serum|Hepatitis A Virus Antibody (HAV), IgG, Serum|Hepatitis A Virus Antibody (HAV), IgM, Serum|Hepatitis A Virus Antibody (HAV), Total, Serum|Hepatitis B Antibody, Serum|Hepatitis B Core (HBC) Antibody, IgG and IgM Total, Serum|Hepatitis B Core (HBC) Antibody, IgM, Serum|Hepatitis B Core Antibody, Serum|Hepatitis B Surface Antigen, Serum|Hepatitis B vaccine titer|Hepatitis B Viral Load (HBV), DNA, Blood|Hepatitis B Virus Surface Antibody, Qualitative, Serum|Hepatitis B Virus Surface Antibody, Quantitative, Serum|Hepatitis B Virus Surface Antigen, Qualitative, Serum|Hepatitis B Virus Surface Antigen, Quantitative, Serum|Hepatitis Be Antigen, Serum|Hepatitis C Antibody, Serum|Hepatitis C Virus (HCV) Viral Load, Serum|Hepatitis C Virus, RNA, Quantitative, Copies/mL, Serum|Hepatitis C Virus, RNA, Quantitative, IU/mL, Serum|Hepatitis C Virus, RNA, Reverse Transcriptase (RT), Polymerase Chain Reaction (PCR), Serum|HER2/neu (Human Epidermal Growth Factor Receptor), FISH, Tissue|HER2/neu (Human Epidermal Growth Factor Receptor), IHC, Tissue|HER2/neu (Human Epidermal Growth Factor Receptor), Serum|Herpes Simplex Virus (HSV) 1/2, IgM, Serum|Herpes Simplex Virus 1 (HSV1) IgG, Serum|Herpes Simplex Virus 2 (HSV2) IgG, Serum|HHV6, Log 10, PCR, Quantitative, Blood|HHV6B, PCR, Quantitative, CSF|High Density Lipoprotein, Cholesterol, Serum|Histamine, Tissue|HIV (Human Immunodeficiency Virus) 1/2 Plus O, Antibody, Serum|HIV Viral Load, Cerebrospinal Fluid|HIV Viral Load, Serum|HIV-1 Antibody, Serum|HIV-2 Antibody, Serum|HIV1 Log Viral Load, Polymerase Chain Reaction (PCR), Cerebrospinal Fluid|HIV1 Log Viral Load, Polymerase Chain Reaction (PCR), Plasma|HIV1, Hepatitis C Virus (HCV), Hepatitis B Virus (HBV), Nucleic Acid Testing (NAT), Donor, Serum|HIV1, Nucleic Acid Testing (NAT), Serum|HLA A Antigen, White Blood Cells|HLA Antibody Screen, Blood|HLA B Antigen, White Blood Cells|HLA Cw Antigen, White Blood Cells|HLA DQB1 Antigen, High Resolution, White Blood Cells|HLA DQB1 Antigen, Low Resolution, White Blood Cells|HLA DQB1 Antigen, White Blood Cells|HLA DR Antigen, White Blood Cells|HLA DRB Antigen, High Resolution, White Blood Cells|HLA DRB Antigen, Low Resolution, White Blood Cells|HLA DRB Antigen, White Blood Cells|HLA DRB1 Antigen, High Resolution, White Blood Cells|HLA DRB1 Antigen, Low Resolution, White Blood Cells|HLA DRB1 Antigen, White Blood Cells|HLA Genotyping|HLA-A03 Subtype Antigen, White Blood Cells|HLA-A2 Antigen, White Blood Cells|HLA-A24 Subtype Antigen|HLA-A3 Subtype Antigen|HLA-DPB, Blood|Homovanillic Acid (HVA), Urine|Homovanillic Acid/Creatinine Ratio, Urine|HTLV1/HTLV2 Antibody, Serum|Human Anti-Mouse Antibody, Blood|Human Choriogonadotropin (HCG), Serum|Human Epididymis Protein 4 (HE4), Serum|Human Growth Hormone (HGH), Serum|Human Herpesvirus 6 (HHV6) Viral Load, DNA, Blood|Human Herpesvirus 6, PCR, Quantitative, Blood|Human Immunodeficiency Virus (HIV) 1, Antibody, Western Blot, Serum|Human Immunodeficiency Virus (HIV) 1, Western Blot, Serum|Human Immunodeficiency Virus (HIV), 1-2 Antibody and Antigen Combination, Blood|Human Immunodeficiency Virus (HIV), 1-2 Antibody, Serum|Hyaline Casts, Spot Urine|IC50 (Half Maximal Inhibitory Concentration), Blood|IC50 (Half Maximal Inhibitory Concentration), Bone Marrow|IFN-gamma, Serum|IGF-1 (Human Growth Hormone), Blood|IL-17, Serum|IL-2, Serum|IL-6, Serum|Immature Granulocytes (IG), %, Blood|Immature Granulocytes (IG), Absolute, Number, Blood|Immunofixation Electrophoresis, Serum|Immunoglobulin A (IgA), Serum|Immunoglobulin A, Immunoelectrophoresis, Urine|Immunoglobulin D (IgD), Serum|Immunoglobulin D, Immunoelectrophoresis, Urine|Immunoglobulin E (IgE), Serum|Immunoglobulin E, Immunoelectrophoresis, Urine|Immunoglobulin G (IgG), Serum|Immunoglobulin G, Immunoelectrophoresis, Urine|Immunoglobulin M (IgM), Immunoelectrophoresis, Spot Urine|Immunoglobulin M (IgM), Serum|Inhibin A, Blood|Inhibin B, Blood|Inspiratory Capacity (IC), % Predicted, Respiratory System|Inspiratory Capacity (IC), Respiratory System|Insulin, Fasting, Serum|Insulin, Serum|Insulin-life Growth Factor Binding Protein 3, Serum|Interferon, Serum|Interleukin 2 s-Receptor-Alpha, Serum|International Normalized Ratio (INR), Prothrombin Time, Blood|Iodine, 24 hour, Urine|Iodine, Concentration, 24 hour, Urine|Iodine, Free, 24 hour, Urine|Iron Saturation, Ratio, Serum|Iron, Serum|Isavuconazole Level, Plasma|Kappa Light Chain, Electrophoresis, Serum|Kappa Light Chain, Immunoelectrophoresis, Urine|Kappa/Lambda Immunoglobulin Free Light Chain Ratio, Serum|Ketones, Spot Urine|Ki67, %, Tissue|KIT (CD117) Gene Mutation, Tissue|KRAS Gene Mutation,  Tissue|Lactate Dehydrogenase (LDH), Serum|Lactate, Blood|Lactate, Cerebrospinal Fluid|Lambda Light Chain, Electrophoresis, Serum|Lambda Light Chain, Immunoelectrophoresis, Urine|Lamotrigine, Serum|Large Unstained Cells, #, Blood|Large Unstained Cells, %, Blood|Leptin, Serum|Leukocyte Esterase, Spot Urine|Levetiracetam, Serum|Light Chain Ratio, Urine|Lipase, Serum|Liver Kidney Microsomal Antibody, Serum|Low Density Lipid (LDL)-High Density Lipid (HDL) Cholesterol Ratio, Serum|Low Density Lipoproteins, Cholesterol, Serum|Lupus Anticoagulant, Platelet Poor Plasma|Lupus Anticoagulant, Staclot, Platelet Poor Plasma|Luteinizing Hormone (LH), Serum|Lymphocytes Variants, %, Blood|Lymphocytes, #, Blood|Lymphocytes, %, Blood|Lymphocytes, %, Bone Marrow|Lymphocytes, %, Cerebrospinal Fluid|Lymphocytes, Variant, #, Blood|Magnesium, Ionized, Serum|Magnesium, Serum|Maximum Forced Expiratory Flow, Respiratory System|Mean Corpuscular Hemoglobin (MCH), Red Blood Cells|Mean Corpuscular Hemoglobin Concentration (MCHC), Red Blood Cells|Mean Corpuscular Volume (MCV), Red Blood Cells|Measured Glomerular Filtration Rate|Megakaryocytes, %, Bone Marrow|Metamyelocytes, %, Bone Marrow|Metanephrine, 24 hour, Urine|Metanephrine, Plasma|Metanephrine, Unconjugated, 24 hour, Urine|Methemoglobin, %, Arterial Blood|Methotrexate, CSF|Methotrexate, Serum|MGMT (O6-methylguanine-DNA methyltransferase) Immunohistochemical Labeling, Tissue|MGMT Promoter Methylation, Blood|MGMT Promoter Methylation, Tissue|Mitochondrial Antibody, Serum|Monoclonal Protein, Electrophoresis, Serum|Monoclonal Protein, Electrophoresis, Urine|Monoclonal Protein, Immunoelectrophoresis, 24 hour, Urine|Monoclonal Protein, Immunoelectrophoresis, Urine|Monocytes, #, Blood|Monocytes, %, Blood|Monocytes, %, Bone Marrow|Mucous, Spot Urine|Mullerian inhibiting substance, Serum|Myelin Basic Protein, Cerebrospinal Fluid|Myeloblasts, %, Bone Marrow|Myelocyte|Myelocytes, %, Bone Marrow|Myeloperoxidase Ab, Serum|Myoglobin, Urine|N1 Acetylspermidine, Tissue|N1 Acetylspermine, Tissue|N8 Acetylspermidine, Tissue|Natural Killer (NK) Cells, #, Blood|Natural Killer (NK) Cells, %, Blood|Natural Killer T Cells, #, Blood|Natural Killer T Cells, %, Blood|Neuron-Specific Enolase (NSE), Serum|Neutralizing Antibody BL22, Serum|Neutralizing Antibody LMB-2, Serum|Neutrophil Bands, #, Blood|Neutrophil Bands, %, Blood|Neutrophilic Myelocytes, %, Bone Marrow|Neutrophils, %, Blood|Nitrite, Spot Urine|Nonseparated Short Tandem Repeat Chimerism, %, Bone Marrow|Nonseparated Short Tandem Repeat Chimerism, %, Whole Blood|Norepinephrine, 24 hour, Urine|Norepinephrine, Plasma|Normetanephrine, 24 hour, Urine|Normetanephrine, Plasma|Normoblasts, %, Bone Marrow|Nuclear Matrix Protein 22 (NMP22), Urine|Nucleated Cells, Total, Blood|Nucleated Red Blood Cell (NRBC) Count, %, Blood|Nucleated Red Blood Cells (NRBC), #, Blood|Occult Blood (Guaiac), Stool|Osmolality, 24 hour, Urine|Osmolality, Serum|Osteocalcin, Serum|Other Cell Count, Cerebrospinal Fluid|Other Prostate Specific Antigen (PSA), Serum|Oxalate, 24 hour, Urine|Oxcarbazepine, Serum|Oxygen Saturation, Arterial Blood|Oxygen, Partial Pressure, mmHg, Arterial Blood|P-Selectin, Blood|pAKT Immunohistochemical Labeling, Tissue|Pancreatic Polypeptide, Serum|Parathyroid (Parathyrin intact) Hormone, Serum|Parathyroid Hormone, Intact, Blood|Parietal Cell Antibody, Serum|Paroxysmal Nocturnal Hemoglobinuria Flow|Partial Prothromboplastin Time (PTT), Blood|Percent Carbon Dioxide (pCO2), Arterial Blood|Percent Oxygen (pO2), Arterial Blood|pH, Arterial Blood|pH, Spot Urine|pH, Venous Blood|Phenobarbital, Serum|Phenytoin, Serum|Pheresis Bag, #, Platelet|Pheresis Bag, #, WBC|Phosphate (inorganic Phosphorus), Serum|Phosphorus|Plasma Cells, %, Bone Marrow|Plasminogen Activator Inhibitor (PAI-1), Serum|Plasminogen Activator Inhibitor (PAI-1), Tissue|Platelet Mean Volume (PMV), Blood|Platelets, Blood|Pneumococcus vaccine titer|Polio Virus Antibody, Serum|Polyclonal Protein, Electrophoresis, Serum|Polyclonal Protein, Immunoelectrophoresis, Urine|Polymorphic Basophils, %, Bone Marrow|Polymorphic Eosinophils, %, Bone Marrow|Polymorphic Neutrophils, %, Bone Marrow|Polymorphonuclear Cells (Polys), #, Blood|Polymorphonuclear Cells (Polys), %, Blood|Potassium, 24 hour, Urine|Potassium, Serum|Prealbumin, Serum|Primidone, Serum|Pro Brain Natriuretic Peptide (BNP), Serum|Procollagen 1, Intact N-terminal peptide (P1NP), Serum|Progesterone Receptor (PR), Serum|Progesterone, Serum/Plasma|Prolactin, Serum|Prolymphocytes, %, Bone Marrow|Promyelocytes, %, Bone Marrow|Pronormoblasts, %, Bone Marrow|Prostaglandin E2, Tissue|Prostate Specific Antigen (PSA), Serum|Prostate Specific Antigen Free (PSAF), Serum|Prostate Specific Antigen Free (PSAF)/Prostate Specific Antigen Total (PSAT) Ratio, Blood|Protein excretion, 24 hour, Urine|Protein, 24 hour, Urine|Protein, CSF|Protein, Qualitative, Urine|Protein-Albumin Ratio, Urine|Protein-Creatinine Ratio, Urine|Proteinase-3 Antibodies, Serum|Prothrombin Time (PT), Blood|PSA|PT/aPTT|PTEN Immunohistochemical Labeling, Tissue|Pulmonary (Lung) Compliance, Respiratory System|Putrescine, Tissue|QuantiFERON-TB Gold (QFT), Blood|Rapid Plasma Reagin (RPR), Serum|Red Blood Cells (RBC), #, Blood|Red Blood Cells (RBC), #, Cerebrospinal Fluid|Red Blood Cells (RBC), Microscopy, #, Spot Urine|Red Blood Cells (RBC), Microscopy, Spot Urine|Red Cell Distribution Width (RDW), Red Blood Cells|Renal Epithelial Cells, Spot Urine|Renin, Plasma|Residual Volume to Total Lung Capacity Ratio,  Respiratory System|Respiratory Volume (RV), % Predicted, Respiratory System|Reticulocytes, %, Bone Marrow|Reticulocytes, %, Red Blood Cells|Reverse Triiodothyronine (T3), Free, Mass Spectrometry, Serum|Rheumatoid Factor, Serum|Ribonucleoprotein Extractable Nuclear (RNP) Antibody, Serum|RPR (Rapid Plasma Reagin), Plasma|SARS-CoV-2 PCR, NP Swab|Sequenced Based HLA-B, Blood|Sequenced Based HLA-C (CW), Blood|Sequenced Based HLA-DQB1, Blood|Sequenced Based HLA-DR (DRB), Blood|Sequenced Based HLA-DR (DRB1), Blood|Sex hormone binding globulin, Serum|Short Tandem Repeat Chimerism, %, Other Source|Short Tandem Repeat Chimerism, %, White Blood Cells|Short Tandem Repeat Chimerism, Clusters of Differentiation 14 (CD14), %, Whole Blood|Short Tandem Repeat Chimerism, Clusters of Differentiation 19 (CD19), %, Whole Blood|Short Tandem Repeat Chimerism, Clusters of Differentiation 3 (CD3), %, Whole Blood|Short Tandem Repeat Chimerism, Donor, Clusters of Differentiation 4 (CD4), %, Blood|Short Tandem Repeat Chimerism, Donor, Clusters of Differentiation 8 (CD8), %, Blood|Short Tandem Repeat Chimerism, Dual Cord, %, Whole Blood|Short Tandem Repeat Chimerism, MonoMac, %, Whole Blood|Short Tandem Repeat Chimerism, Multiple Donor, %, Bone Marrow|Short Tandem Repeat Chimerism, Multiple Donor, %, Other Source|Short Tandem Repeat Chimerism, Multiple Donor, %, White Blood Cells|Short Tandem Repeat Chimerism, Multiple Donor, %, Whole Blood|Short Tandem Repeat Chimerism, Natural Killers, %, Whole Blood|Sirolimus (Rapamycin), Blood|Sjogren's Syndrome-A Extractable Antibody, Serum|Sjogren's Syndrome-B Extractable Antibody, Serum|Smith Extractable Nuclear Antibody, Serum|Sodium, 24 hour, Urine|Sodium, Serum|Sodium/Potassium Ratio, Serum|Specific Gravity, Spot Urine|Specimen Collection Period, Urine|Spermidine, Tissue|Spermine, Tissue|Squamous Epithelial Cells, Spot Urine|T4|T lymphocyte Cytotoxic Cells (CTL), Blood|T Lymphocyte Helper Cells, Blood|T Lymphocyte Suppressor Cells , Blood|T Lymphocytes, #, Blood|T Lymphocytes, %, Blood|T Lymphocytes, Delayed Hypersensitivity Testing (DTH), Blood|Tacrolimus, Blood|Tamoxifen, Serum/Plasma|Tamoxifen, Tissue|Testosterone|Testosterone, Blood|Testosterone, Free, Serum|Testosterone, Total, Serum|Thrombin Time, Blood|Thrombomodulin, Blood|Thrombopoietin, Serum|Thyroglobulin Antibody, Serum|Thyroglobulin, Serum|Thyroid Stimulating Hormone (TSH)-Free Thyroxine (T4) Ratio, Serum|Thyroid Stimulating Immunoglobulins (TSI), Serum|Thyroperoxidase Antibody, Serum|Thyrotropin (Thyroid Stimulating Hormone or TSH), Serum|Thyrotropin Receptor Antibody, Serum|Thyroxine (T4), Free,  Serum|Thyroxine (T4), Free, Dialysis, Serum|Thyroxine (T4), Free, Mass Spectrometry, Serum|Thyroxine (T4), Serum|Thyroxine Binding Globulin (TBG), Serum|Tidal Volume, Respiratory System|TNF alpha, Serum|Total Iron Binding Capacity, Serum|Total Lung Capacity %, Predicted, Respiratory System|Total Lung Capacity %, Respiratory System|Total Protein Electrophoresis, Serum|Total Protein, Serum|Toxoplasmosa Gondii, Antibody, IgG, Serum|Toxoplasmosa Gondii, Antibody, IgM, Serum|Transferrin, Serum|Transitional Cells, Spot Urine|Trefoil Factor 1, Tissue|Treponema pallidum, IgG, Serum|Triglycerides, Serum|Triiodothyronine (T3), Free, Mass Spectrometry, Serum|Triiodothyronine (T3), Free, Serum|Triiodothyronine (T3), Serum|Troponin I, Blood|Troponin T, Blood|Trypanosoma cruzi Antibody, IgG, Serum|Urate (Uric Acid), Serum|Urea Nitrogen, 24 hour, Urine|Uric Acid (Urate), 24 hour, Urine|Urine collection for HPV DNA and antibodies|Urine M protein in mg/ 24 hrs|Urobilinogen, Spot Urine|Urokinase Plasminogen Activator (uPA), Serum|Urokinase Plasminogen Activator (uPA), Tissue|Vaccinia Culture, Serum|Vaccinia Culture, Spot Urine|Valproate (Valproic Acid), Serum|Vanillylmandelic Acid (VMA), Urine|Vanillylmandelic Acid/Creatinine Ratio, Urine|Varicella Zoster Virus (VZV) Antigen, Immunofluorescence, Skin|Varicella Zoster Virus (VZV) DNA, Cerebrospinal Fluid|Varicella Zoster Virus (VZV), IgG, Antibody, Serum|Vasoactive Intestinal Peptide (VIP), Serum|Very Low Density Lipoprotein (VLDL) Cholesterol, Serum|Vital Capacity (VC), % Predicted, Respiratory System|Vital Capacity (VC), Respiratory System|Vitamin B1, Blood|Vitamin B12, Serum|Vitamin D 25-OH, D2+D3 Total, Serum|Vitamin D, 1, 25-Dihydroxy, Blood|Vitamin D, 25-Dihydroxy, Blood|Volume expelled during midportion of expiration % Predicted, Respiratory System|Volume expelled during midportion of expiration, Respiratory System|Volume Residual, Respiratory System|Volume, Urine|von Willebrand Activity, Blood|von Willebrand Antigen, Blood|West Nile Virus Antibody, IgG and IgM, Serum|West Nile Virus, PCR, Serum|White Blood Cells (WBC), #, Blood|White Blood Cells (WBC), #, Cerebrospinal Fluid|White Blood Cells (WBC), Microscopy, Spot Urine|White Blood Cells (WBC), Other, % Blood|Zinc, Serum|5 Prime Nucleotidase|Absolute Neutrophil Count|AFP|Albumin|Alkaline Phophatase|ALT|AST|Auer Rods|Basophil|Beta 2 Microglobulin|beta-hCG|Blasts|BUN|Calcium|CD34|Cellularity|cfDNA|Chloride|CO2|Creatinine|Creatinine Clearance|CRP|Direct Bilirubin|EBV DNA|EBV IgG|Eosophinils|ESR|Ferritin|Free T3|Free T4|GGT|Glucose|HCT|Hemoglobin|Human Chorionic Gonadotropin|Immunoglobulin A|Immunoglobulin G|Immunoglobulin M|INR|LDH|Leukocytes|Lipase|Luteinizing Hormone|Lymphoblasts|Lymphocytes|M Protein|Mch|Mchc|Mcv|Metamyelocytes|miR-367-3p|miR-371a-3p|miR-372-3p|miR-373-3p|miR-375-3p|Monocytes|Myeloblasts|Myelocytes|Neutrophil Bands|Neutrophils|Platelets|Potassium|Prolymphocytes|Promonocytes|Promyelocytes|Protein|PT|PTT|RBC|Rdw|Segmented Neutrophil|Serum Free Immunoglobulin Light Chain, Kappa|Serum Free Immunoglobulin Light Chain, Lambda|Serum Free Immunoglobulin Light Chain, NOS|Sodium|Total Bilirubin|Total Protein|TSH|Uric Acid|aa_change|antigen|blood_test_normal_range_upper|blood_test_normal_range_lower|cell_count|copy_number|cytoband|exon|gene_mutation_abnormality_type|histone_family|histone_variant|intron|loci_abnormal_count|loci_count|locus|mismatch_repair_mutation|pathogenicity|ploidy|second_exon|second_gene_symbol|specialized_molecular_test|test_analyte_type|transcript|variant_origin|variant_type|zygosity|Not Reported|Other|Unknown"
specimen,The biospecimen grouping that describes the kind of material that forms the sample.,13,Blood|Bone Marrow|Cell Free DNA BCT|Cerebrospinal Fluid|Peritoneal Fluid|Plasma|Saliva|Serum|Stool Sample|Urine|Other|Unknown|Not Reported
